gs_id,time_ns,old_sat,new_sat
0,0,-1,6
1,0,-1,355
2,0,-1,608
3,0,-1,380
4,0,-1,126
5,0,-1,542
6,0,-1,389
7,0,-1,95
8,0,-1,163
9,0,-1,276
10,0,-1,205
11,0,-1,283
12,0,-1,189
13,0,-1,412
14,0,-1,152
15,0,-1,13
16,0,-1,56
17,0,-1,416
18,0,-1,541
19,0,-1,383
20,0,-1,41
21,0,-1,60
22,0,-1,544
23,0,-1,417
24,0,-1,357
25,0,-1,55
26,0,-1,564
27,0,-1,163
28,0,-1,516
29,0,-1,451
30,0,-1,85
31,0,-1,393
32,0,-1,608
33,0,-1,388
34,0,-1,92
35,0,-1,7
36,0,-1,38
37,0,-1,129
38,0,-1,389
39,0,-1,136
40,0,-1,145
41,0,-1,306
42,0,-1,14
43,0,-1,153
44,0,-1,331
45,0,-1,254
46,0,-1,567
47,0,-1,161
48,0,-1,39
49,0,-1,182
50,0,-1,379
51,0,-1,592
52,0,-1,356
53,0,-1,405
54,0,-1,8
55,0,-1,127
56,0,-1,278
57,0,-1,232
58,0,-1,357
59,0,-1,390
60,0,-1,358
61,0,-1,531
62,0,-1,151
63,0,-1,394
64,0,-1,588
65,0,-1,78
66,0,-1,205
67,0,-1,61
68,0,-1,65
69,0,-1,62
70,0,-1,230
71,0,-1,413
72,0,-1,358
73,0,-1,188
74,0,-1,404
75,0,-1,7
76,0,-1,36
77,0,-1,208
78,0,-1,12
79,0,-1,115
80,0,-1,207
81,0,-1,110
82,0,-1,582
83,0,-1,158
84,0,-1,332
85,0,-1,388
86,0,-1,55
87,0,-1,111
88,0,-1,64
89,0,-1,502
90,0,-1,331
91,0,-1,210
92,0,-1,39
93,0,-1,89
94,0,-1,616
95,0,-1,282
96,0,-1,135
97,0,-1,258
98,0,-1,381
99,0,-1,139
0,5000000000,6,-1
1,5000000000,355,-1
2,5000000000,608,-1
3,5000000000,380,-1
4,5000000000,126,-1
5,5000000000,542,-1
6,5000000000,389,-1
7,5000000000,95,-1
8,5000000000,163,-1
9,5000000000,276,-1
10,5000000000,205,-1
11,5000000000,283,-1
12,5000000000,189,-1
13,5000000000,412,-1
14,5000000000,152,-1
15,5000000000,13,-1
16,5000000000,56,-1
17,5000000000,416,-1
18,5000000000,541,-1
19,5000000000,383,-1
20,5000000000,41,-1
21,5000000000,60,-1
22,5000000000,544,-1
23,5000000000,417,-1
24,5000000000,357,-1
25,5000000000,55,-1
26,5000000000,564,-1
27,5000000000,163,-1
28,5000000000,516,-1
29,5000000000,451,-1
30,5000000000,85,-1
31,5000000000,393,-1
32,5000000000,608,-1
33,5000000000,388,-1
34,5000000000,92,-1
35,5000000000,7,-1
36,5000000000,38,-1
37,5000000000,129,-1
38,5000000000,389,-1
39,5000000000,136,-1
40,5000000000,145,-1
41,5000000000,306,-1
42,5000000000,14,-1
43,5000000000,153,-1
44,5000000000,331,-1
45,5000000000,254,-1
46,5000000000,567,-1
47,5000000000,161,-1
48,5000000000,39,-1
49,5000000000,182,-1
50,5000000000,379,-1
51,5000000000,592,-1
52,5000000000,356,-1
53,5000000000,405,-1
54,5000000000,8,-1
55,5000000000,127,-1
56,5000000000,278,-1
57,5000000000,232,-1
58,5000000000,357,-1
59,5000000000,390,-1
60,5000000000,358,-1
61,5000000000,531,-1
62,5000000000,151,-1
63,5000000000,394,-1
64,5000000000,588,-1
65,5000000000,78,-1
66,5000000000,205,541
67,5000000000,61,-1
68,5000000000,65,-1
69,5000000000,62,-1
70,5000000000,230,-1
71,5000000000,413,-1
72,5000000000,358,-1
73,5000000000,188,-1
74,5000000000,404,-1
75,5000000000,7,31
76,5000000000,36,-1
77,5000000000,208,-1
78,5000000000,12,-1
79,5000000000,115,-1
80,5000000000,207,-1
81,5000000000,110,-1
82,5000000000,582,-1
83,5000000000,158,-1
84,5000000000,332,-1
85,5000000000,388,-1
86,5000000000,55,-1
87,5000000000,111,-1
88,5000000000,64,-1
89,5000000000,502,-1
90,5000000000,331,-1
91,5000000000,210,-1
92,5000000000,39,-1
93,5000000000,89,282
94,5000000000,616,-1
95,5000000000,282,-1
96,5000000000,135,-1
97,5000000000,258,-1
98,5000000000,381,-1
99,5000000000,139,-1
27,10000000000,-1,333
63,10000000000,-1,418
66,10000000000,541,-1
67,10000000000,-1,134
69,10000000000,-1,159
72,10000000000,-1,333
75,10000000000,31,-1
93,10000000000,282,-1
94,10000000000,-1,255
12,15000000000,-1,407
13,15000000000,-1,509
27,15000000000,333,-1
47,15000000000,-1,185
55,15000000000,-1,369
63,15000000000,418,-1
67,15000000000,134,-1
69,15000000000,159,-1
72,15000000000,333,-1
74,15000000000,-1,92
94,15000000000,255,-1
12,20000000000,407,-1
13,20000000000,509,-1
18,20000000000,-1,180
26,20000000000,-1,132
39,20000000000,-1,160
47,20000000000,185,-1
55,20000000000,369,-1
74,20000000000,92,-1
93,20000000000,-1,306
18,25000000000,180,-1
22,25000000000,-1,277
26,25000000000,132,-1
33,25000000000,-1,363
37,25000000000,-1,442
39,25000000000,160,-1
93,25000000000,306,-1
22,30000000000,277,-1
33,30000000000,363,-1
37,30000000000,442,-1
44,30000000000,-1,89
12,35000000000,-1,382
30,35000000000,-1,36
36,35000000000,-1,13
44,35000000000,89,-1
76,35000000000,-1,109
79,35000000000,-1,139
86,35000000000,-1,79
12,40000000000,382,-1
28,40000000000,-1,155
30,40000000000,36,-1
36,40000000000,13,-1
60,40000000000,-1,212
76,40000000000,109,-1
79,40000000000,139,-1
86,40000000000,79,391
19,45000000000,-1,237
27,45000000000,-1,308
28,45000000000,155,-1
38,45000000000,-1,582
60,45000000000,212,-1
63,45000000000,-1,127
86,45000000000,391,-1
87,45000000000,-1,135
89,45000000000,-1,119
19,50000000000,237,-1
27,50000000000,308,-1
38,50000000000,582,-1
63,50000000000,127,-1
87,50000000000,135,-1
89,50000000000,119,-1
96,55000000000,-1,86
21,60000000000,-1,11
34,60000000000,-1,403
42,60000000000,-1,231
46,60000000000,-1,253
78,60000000000,-1,133
96,60000000000,86,-1
0,65000000000,-1,365
16,65000000000,-1,415
21,65000000000,11,-1
34,65000000000,403,-1
42,65000000000,231,-1
46,65000000000,253,-1
48,65000000000,-1,256
78,65000000000,133,-1
79,65000000000,-1,356
0,70000000000,365,-1
16,70000000000,415,-1
48,70000000000,256,-1
61,70000000000,-1,289
79,70000000000,356,-1
98,70000000000,-1,139
3,75000000000,-1,91
11,75000000000,-1,137
18,75000000000,-1,204
54,75000000000,-1,487
61,75000000000,289,-1
81,75000000000,-1,85
98,75000000000,139,-1
2,80000000000,-1,462
3,80000000000,91,115
11,80000000000,137,-1
18,80000000000,204,-1
54,80000000000,487,-1
75,80000000000,-1,414
81,80000000000,85,-1
85,80000000000,-1,558
97,80000000000,-1,112
2,85000000000,462,-1
3,85000000000,115,-1
10,85000000000,-1,565
20,85000000000,-1,65
75,85000000000,414,-1
85,85000000000,558,-1
88,85000000000,-1,281
97,85000000000,112,-1
0,90000000000,-1,5
10,90000000000,565,-1
14,90000000000,-1,418
20,90000000000,65,-1
31,90000000000,-1,102
88,90000000000,281,-1
92,90000000000,-1,232
0,95000000000,5,-1
7,95000000000,-1,525
13,95000000000,-1,533
14,95000000000,418,-1
16,95000000000,-1,55
17,95000000000,-1,440
24,95000000000,-1,138
25,95000000000,-1,415
30,95000000000,-1,109
31,95000000000,102,-1
40,95000000000,-1,575
41,95000000000,-1,64
51,95000000000,-1,278
53,95000000000,-1,140
59,95000000000,-1,30
69,95000000000,-1,183
70,95000000000,-1,590
83,95000000000,-1,12
92,95000000000,232,-1
96,95000000000,-1,110
1,100000000000,-1,90
7,100000000000,525,-1
8,100000000000,-1,357
13,100000000000,533,-1
15,100000000000,-1,207
16,100000000000,55,-1
17,100000000000,440,-1
19,100000000000,-1,358
24,100000000000,138,-1
25,100000000000,415,-1
28,100000000000,-1,515
30,100000000000,109,-1
40,100000000000,575,-1
41,100000000000,64,-1
51,100000000000,278,-1
53,100000000000,140,-1
59,100000000000,30,-1
64,100000000000,-1,157
67,100000000000,-1,85
69,100000000000,183,-1
70,100000000000,590,-1
76,100000000000,-1,60
77,100000000000,-1,62
83,100000000000,12,-1
85,100000000000,-1,412
90,100000000000,-1,89
92,100000000000,-1,38
96,100000000000,110,-1
1,105000000000,90,-1
8,105000000000,357,-1
15,105000000000,207,-1
19,105000000000,358,-1
21,105000000000,-1,84
23,105000000000,-1,103
28,105000000000,515,-1
30,105000000000,-1,60
32,105000000000,-1,462
38,105000000000,-1,388
57,105000000000,-1,38
58,105000000000,-1,163
64,105000000000,157,-1
67,105000000000,85,-1
71,105000000000,-1,607
76,105000000000,60,-1
77,105000000000,62,-1
80,105000000000,-1,13
84,105000000000,-1,138
85,105000000000,412,-1
90,105000000000,89,-1
92,105000000000,38,-1
94,105000000000,-1,615
95,105000000000,-1,88
99,105000000000,-1,356
17,110000000000,-1,79
20,110000000000,-1,40
21,110000000000,84,-1
23,110000000000,103,-1
30,110000000000,60,-1
32,110000000000,462,-1
33,110000000000,-1,557
35,110000000000,-1,438
36,110000000000,-1,207
38,110000000000,388,-1
49,110000000000,-1,613
55,110000000000,-1,126
56,110000000000,-1,567
57,110000000000,38,-1
58,110000000000,163,-1
71,110000000000,607,-1
73,110000000000,-1,163
80,110000000000,13,-1
82,110000000000,-1,363
84,110000000000,138,-1
94,110000000000,615,-1
95,110000000000,88,-1
99,110000000000,356,-1
9,115000000000,-1,519
17,115000000000,79,-1
20,115000000000,40,-1
22,115000000000,-1,543
26,115000000000,-1,563
33,115000000000,557,-1
35,115000000000,438,-1
36,115000000000,207,-1
37,115000000000,-1,128
49,115000000000,613,-1
52,115000000000,-1,114
55,115000000000,126,-1
56,115000000000,567,-1
72,115000000000,-1,187
73,115000000000,163,357
82,115000000000,363,-1
91,115000000000,-1,234
9,120000000000,519,-1
15,120000000000,-1,182
18,120000000000,-1,540
22,120000000000,543,-1
26,120000000000,563,-1
27,120000000000,-1,162
37,120000000000,128,-1
52,120000000000,114,-1
66,120000000000,-1,204
67,120000000000,-1,36
68,120000000000,-1,330
72,120000000000,187,-1
73,120000000000,357,-1
74,120000000000,-1,403
91,120000000000,234,-1
2,125000000000,-1,583
3,125000000000,-1,379
15,125000000000,182,-1
18,125000000000,540,-1
27,125000000000,162,-1
49,125000000000,-1,588
66,125000000000,204,-1
67,125000000000,36,-1
68,125000000000,330,-1
74,125000000000,403,-1
76,125000000000,-1,11
89,125000000000,-1,501
2,130000000000,583,-1
3,130000000000,379,-1
4,130000000000,-1,369
47,130000000000,-1,209
49,130000000000,588,-1
62,130000000000,-1,369
76,130000000000,11,-1
89,130000000000,501,-1
4,135000000000,369,-1
12,135000000000,-1,188
45,135000000000,-1,253
47,135000000000,209,-1
54,135000000000,-1,462
60,135000000000,-1,333
62,135000000000,369,-1
91,135000000000,-1,185
12,140000000000,188,-1
45,140000000000,253,-1
54,140000000000,462,-1
60,140000000000,333,-1
64,140000000000,-1,132
91,140000000000,185,-1
19,145000000000,-1,212
64,145000000000,132,-1
2,150000000000,-1,437
5,150000000000,-1,228
7,150000000000,-1,500
19,150000000000,212,-1
21,150000000000,-1,35
39,150000000000,-1,135
97,150000000000,-1,87
2,155000000000,437,-1
4,155000000000,-1,344
5,155000000000,228,-1
7,155000000000,500,-1
11,155000000000,-1,258
21,155000000000,35,-1
29,155000000000,-1,44
39,155000000000,135,-1
87,155000000000,-1,159
97,155000000000,87,-1
4,160000000000,344,-1
11,160000000000,258,-1
29,160000000000,44,-1
50,160000000000,-1,378
53,160000000000,-1,404
61,160000000000,-1,530
69,160000000000,-1,61
87,160000000000,159,-1
6,165000000000,-1,606
43,165000000000,-1,442
47,165000000000,-1,160
50,165000000000,378,-1
53,165000000000,404,-1
61,165000000000,530,-1
69,165000000000,61,-1
6,170000000000,606,-1
13,170000000000,-1,411
43,170000000000,442,-1
44,170000000000,-1,330
47,170000000000,160,-1
13,175000000000,411,-1
40,175000000000,-1,550
44,175000000000,330,-1
68,175000000000,-1,64
95,175000000000,-1,281
8,180000000000,-1,332
10,180000000000,-1,204
20,180000000000,-1,329
40,180000000000,550,-1
68,180000000000,64,-1
79,180000000000,-1,380
95,180000000000,281,-1
8,185000000000,332,-1
9,185000000000,-1,300
10,185000000000,204,-1
20,185000000000,329,-1
40,185000000000,-1,144
46,185000000000,-1,566
65,185000000000,-1,367
76,185000000000,-1,84
79,185000000000,380,-1
83,185000000000,-1,182
86,185000000000,-1,54
9,190000000000,300,-1
40,190000000000,144,-1
46,190000000000,566,-1
65,190000000000,367,-1
76,190000000000,84,-1
78,190000000000,-1,11
83,190000000000,182,-1
86,190000000000,54,-1
41,195000000000,-1,305
78,195000000000,11,-1
83,195000000000,-1,612
93,195000000000,-1,88
30,200000000000,-1,84
41,200000000000,305,-1
49,200000000000,-1,181
70,200000000000,-1,229
81,200000000000,-1,109
83,200000000000,612,-1
93,200000000000,88,-1
14,205000000000,-1,151
30,205000000000,84,-1
34,205000000000,-1,91
48,205000000000,-1,14
49,205000000000,181,-1
51,205000000000,-1,591
65,205000000000,-1,391
67,205000000000,-1,109
70,205000000000,229,-1
81,205000000000,109,-1
82,205000000000,-1,581
14,210000000000,151,-1
34,210000000000,91,-1
42,210000000000,-1,614
48,210000000000,14,-1
51,210000000000,591,-1
57,210000000000,-1,231
62,210000000000,-1,150
63,210000000000,-1,393
65,210000000000,391,-1
67,210000000000,109,-1
75,210000000000,-1,438
79,210000000000,-1,114
82,210000000000,581,-1
83,210000000000,-1,157
85,210000000000,-1,387
88,210000000000,-1,63
96,210000000000,-1,134
98,210000000000,-1,380
4,215000000000,-1,125
9,215000000000,-1,275
24,215000000000,-1,356
29,215000000000,-1,450
42,215000000000,614,-1
57,215000000000,231,-1
62,215000000000,150,-1
63,215000000000,393,-1
75,215000000000,438,6
79,215000000000,114,-1
83,215000000000,157,-1
84,215000000000,-1,331
85,215000000000,387,-1
88,215000000000,63,-1
96,215000000000,134,-1
97,215000000000,-1,257
98,215000000000,380,-1
2,220000000000,-1,607
4,220000000000,125,-1
7,220000000000,-1,94
9,220000000000,275,-1
15,220000000000,-1,12
24,220000000000,356,-1
25,220000000000,-1,54
29,220000000000,450,-1
42,220000000000,-1,13
48,220000000000,-1,38
54,220000000000,-1,7
71,220000000000,-1,437
75,220000000000,6,30
84,220000000000,331,-1
90,220000000000,-1,330
97,220000000000,257,-1
99,220000000000,-1,138
2,225000000000,607,-1
5,225000000000,-1,541
6,225000000000,-1,388
7,225000000000,94,-1
8,225000000000,-1,162
11,225000000000,-1,282
15,225000000000,12,-1
19,225000000000,-1,382
21,225000000000,-1,59
25,225000000000,54,-1
36,225000000000,-1,37
42,225000000000,13,-1
43,225000000000,-1,152
48,225000000000,38,-1
54,225000000000,7,-1
56,225000000000,-1,277
59,225000000000,-1,389
67,225000000000,-1,60
71,225000000000,437,-1
73,225000000000,-1,187
75,225000000000,30,-1
76,225000000000,-1,35
77,225000000000,-1,207
90,225000000000,330,-1
99,225000000000,138,-1
5,230000000000,541,-1
6,230000000000,388,-1
8,230000000000,162,-1
11,230000000000,282,-1
19,230000000000,382,-1
21,230000000000,59,-1
23,230000000000,-1,416
31,230000000000,-1,392
32,230000000000,-1,607
35,230000000000,-1,6
36,230000000000,37,-1
43,230000000000,152,-1
56,230000000000,277,-1
58,230000000000,-1,356
59,230000000000,389,-1
63,230000000000,-1,417
64,230000000000,-1,587
67,230000000000,60,-1
73,230000000000,187,-1
76,230000000000,35,-1
77,230000000000,207,-1
87,230000000000,-1,110
12,235000000000,-1,406
23,235000000000,416,-1
31,235000000000,392,-1
32,235000000000,607,-1
33,235000000000,-1,387
35,235000000000,6,-1
58,235000000000,356,-1
60,235000000000,-1,211
63,235000000000,417,-1
64,235000000000,587,-1
71,235000000000,-1,606
72,235000000000,-1,357
80,235000000000,-1,206
87,235000000000,110,-1
12,240000000000,406,-1
33,240000000000,387,-1
60,240000000000,211,-1
71,240000000000,606,-1
72,240000000000,357,-1
80,240000000000,206,-1
91,240000000000,-1,209
1,245000000000,-1,354
27,245000000000,-1,332
52,245000000000,-1,355
67,245000000000,-1,133
69,245000000000,-1,158
91,245000000000,209,-1
1,250000000000,354,-1
13,250000000000,-1,508
26,250000000000,-1,156
27,250000000000,332,-1
52,250000000000,355,-1
65,250000000000,-1,77
66,250000000000,-1,540
67,250000000000,133,-1
69,250000000000,158,-1
86,250000000000,-1,78
93,250000000000,-1,305
94,250000000000,-1,254
13,255000000000,508,-1
26,255000000000,156,131
47,255000000000,-1,184
55,255000000000,-1,368
65,255000000000,77,-1
66,255000000000,540,-1
79,255000000000,-1,138
86,255000000000,78,-1
93,255000000000,305,-1
94,255000000000,254,-1
26,260000000000,131,-1
39,260000000000,-1,159
47,260000000000,184,-1
55,260000000000,368,-1
74,260000000000,-1,91
79,260000000000,138,-1
39,265000000000,159,-1
44,265000000000,-1,88
72,265000000000,-1,332
74,265000000000,91,-1
76,265000000000,-1,108
44,270000000000,88,-1
72,270000000000,332,-1
76,270000000000,108,-1
12,275000000000,-1,212
22,275000000000,-1,276
12,280000000000,212,381
22,280000000000,276,-1
33,280000000000,-1,362
89,280000000000,-1,118
92,280000000000,-1,256
12,285000000000,381,-1
28,285000000000,-1,154
30,285000000000,-1,35
33,285000000000,362,-1
37,285000000000,-1,441
38,285000000000,-1,581
89,285000000000,118,-1
92,285000000000,256,-1
28,290000000000,154,-1
30,290000000000,35,-1
37,290000000000,441,-1
38,290000000000,581,-1
87,290000000000,-1,134
18,295000000000,-1,203
19,295000000000,-1,236
36,295000000000,-1,12
87,295000000000,134,-1
18,300000000000,203,-1
19,300000000000,236,-1
27,300000000000,-1,307
36,300000000000,12,-1
46,300000000000,-1,252
61,300000000000,-1,288
63,300000000000,-1,126
78,300000000000,-1,108
21,305000000000,-1,10
27,305000000000,307,-1
46,305000000000,252,-1
61,305000000000,288,-1
63,305000000000,126,-1
78,305000000000,108,132
0,310000000000,-1,388
16,310000000000,-1,414
21,310000000000,10,-1
24,310000000000,-1,162
34,310000000000,-1,402
78,310000000000,132,-1
96,310000000000,-1,85
98,310000000000,-1,138
0,315000000000,388,-1
16,315000000000,414,-1
24,315000000000,162,-1
34,315000000000,402,-1
36,315000000000,-1,206
42,315000000000,-1,230
86,315000000000,-1,390
92,315000000000,-1,62
96,315000000000,85,-1
98,315000000000,138,-1
3,320000000000,-1,114
11,320000000000,-1,136
17,320000000000,-1,439
20,320000000000,-1,64
30,320000000000,-1,108
33,320000000000,-1,556
36,320000000000,206,-1
42,320000000000,230,-1
48,320000000000,-1,255
54,320000000000,-1,486
81,320000000000,-1,84
85,320000000000,-1,557
86,320000000000,390,-1
92,320000000000,62,-1
2,325000000000,-1,461
3,325000000000,114,-1
10,325000000000,-1,564
11,325000000000,136,-1
17,325000000000,439,-1
20,325000000000,64,-1
30,325000000000,108,-1
33,325000000000,556,-1
41,325000000000,-1,63
48,325000000000,255,-1
54,325000000000,486,-1
81,325000000000,84,-1
82,325000000000,-1,387
85,325000000000,557,-1
88,325000000000,-1,280
96,325000000000,-1,158
97,325000000000,-1,111
2,330000000000,461,-1
9,330000000000,-1,518
10,330000000000,564,-1
14,330000000000,-1,417
22,330000000000,-1,300
41,330000000000,63,-1
49,330000000000,-1,612
82,330000000000,387,-1
84,330000000000,-1,355
88,330000000000,280,-1
96,330000000000,158,-1
97,330000000000,111,-1
7,335000000000,-1,549
9,335000000000,518,-1
13,335000000000,-1,532
14,335000000000,417,-1
16,335000000000,-1,438
21,335000000000,-1,83
22,335000000000,300,-1
25,335000000000,-1,414
28,335000000000,-1,514
31,335000000000,-1,101
32,335000000000,-1,461
40,335000000000,-1,599
49,335000000000,612,-1
51,335000000000,-1,277
53,335000000000,-1,139
57,335000000000,-1,37
58,335000000000,-1,162
59,335000000000,-1,29
67,335000000000,-1,84
69,335000000000,-1,182
70,335000000000,-1,589
76,335000000000,-1,59
83,335000000000,-1,11
84,335000000000,355,-1
85,335000000000,-1,411
95,335000000000,-1,87
1,340000000000,-1,89
7,340000000000,549,-1
13,340000000000,532,-1
16,340000000000,438,-1
21,340000000000,83,-1
25,340000000000,414,-1
28,340000000000,514,-1
31,340000000000,101,-1
32,340000000000,461,-1
38,340000000000,-1,387
40,340000000000,599,-1
51,340000000000,277,-1
53,340000000000,139,-1
55,340000000000,-1,125
57,340000000000,37,-1
58,340000000000,162,-1
59,340000000000,29,-1
64,340000000000,-1,156
67,340000000000,84,-1
69,340000000000,182,-1
70,340000000000,589,-1
76,340000000000,59,-1
77,340000000000,-1,61
80,340000000000,-1,12
83,340000000000,11,-1
85,340000000000,411,-1
90,340000000000,-1,88
92,340000000000,-1,255
95,340000000000,87,-1
99,340000000000,-1,355
1,345000000000,89,-1
15,345000000000,-1,206
16,345000000000,-1,54
23,345000000000,-1,102
24,345000000000,-1,331
27,345000000000,-1,161
38,345000000000,387,-1
52,345000000000,-1,113
55,345000000000,125,-1
64,345000000000,156,-1
66,345000000000,-1,203
72,345000000000,-1,186
77,345000000000,61,-1
80,345000000000,12,-1
90,345000000000,88,-1
92,345000000000,255,-1
94,345000000000,-1,614
99,345000000000,355,-1
4,350000000000,-1,368
8,350000000000,-1,356
15,350000000000,206,-1
16,350000000000,54,-1
19,350000000000,-1,357
23,350000000000,102,-1
24,350000000000,331,-1
27,350000000000,161,-1
35,350000000000,-1,437
37,350000000000,-1,127
45,350000000000,-1,590
52,350000000000,113,-1
56,350000000000,-1,566
62,350000000000,-1,199
66,350000000000,203,-1
68,350000000000,-1,329
72,350000000000,186,-1
84,350000000000,-1,137
94,350000000000,614,-1
4,355000000000,368,-1
8,355000000000,356,-1
17,355000000000,-1,78
19,355000000000,357,-1
26,355000000000,-1,562
35,355000000000,437,-1
37,355000000000,127,-1
45,355000000000,590,-1
56,355000000000,566,-1
62,355000000000,199,-1
67,355000000000,-1,35
68,355000000000,329,-1
74,355000000000,-1,402
75,355000000000,-1,413
84,355000000000,137,-1
89,355000000000,-1,500
91,355000000000,-1,233
96,355000000000,-1,109
15,360000000000,-1,181
17,360000000000,78,-1
20,360000000000,-1,328
26,360000000000,562,-1
30,360000000000,-1,59
67,360000000000,35,-1
73,360000000000,-1,356
74,360000000000,402,-1
75,360000000000,413,-1
76,360000000000,-1,10
79,360000000000,-1,355
89,360000000000,500,-1
91,360000000000,233,-1
96,360000000000,109,-1
15,365000000000,181,-1
19,365000000000,-1,211
20,365000000000,328,-1
24,365000000000,-1,137
30,365000000000,59,-1
73,365000000000,356,-1
76,365000000000,10,-1
79,365000000000,355,-1
82,365000000000,-1,362
3,370000000000,-1,378
18,370000000000,-1,539
19,370000000000,211,-1
22,370000000000,-1,542
24,370000000000,137,-1
47,370000000000,-1,208
62,370000000000,-1,368
82,370000000000,362,-1
0,375000000000,-1,4
2,375000000000,-1,436
3,375000000000,378,-1
18,375000000000,539,-1
22,375000000000,542,-1
47,375000000000,208,-1
54,375000000000,-1,461
62,375000000000,368,-1
0,380000000000,4,-1
2,380000000000,436,-1
12,380000000000,-1,187
54,380000000000,461,-1
60,380000000000,-1,332
64,380000000000,-1,131
12,385000000000,187,-1
49,385000000000,-1,587
60,385000000000,332,-1
64,385000000000,131,-1
21,390000000000,-1,34
29,390000000000,-1,43
39,390000000000,-1,183
45,390000000000,-1,252
49,390000000000,587,180
97,390000000000,-1,86
21,395000000000,34,-1
29,395000000000,43,-1
39,395000000000,183,-1
45,395000000000,252,-1
49,395000000000,180,-1
87,395000000000,-1,158
97,395000000000,86,-1
4,400000000000,-1,343
5,400000000000,-1,227
11,400000000000,-1,257
50,400000000000,-1,377
69,400000000000,-1,60
79,400000000000,-1,379
87,400000000000,158,-1
91,400000000000,-1,184
4,405000000000,343,-1
5,405000000000,227,-1
6,405000000000,-1,605
11,405000000000,257,-1
50,405000000000,377,-1
53,405000000000,-1,403
69,405000000000,60,-1
79,405000000000,379,-1
82,405000000000,-1,580
91,405000000000,184,-1
6,410000000000,605,-1
7,410000000000,-1,524
9,410000000000,-1,324
13,410000000000,-1,410
44,410000000000,-1,329
53,410000000000,403,-1
61,410000000000,-1,529
82,410000000000,580,-1
83,410000000000,-1,181
7,415000000000,524,-1
9,415000000000,324,-1
13,415000000000,410,-1
44,415000000000,329,-1
61,415000000000,529,-1
83,415000000000,181,-1
86,415000000000,-1,414
8,420000000000,-1,331
10,420000000000,-1,203
40,420000000000,-1,143
43,420000000000,-1,441
47,420000000000,-1,159
68,420000000000,-1,63
76,420000000000,-1,83
86,420000000000,414,-1
95,420000000000,-1,280
8,425000000000,331,-1
10,425000000000,203,-1
40,425000000000,143,-1
43,425000000000,441,-1
46,425000000000,-1,565
47,425000000000,159,-1
68,425000000000,63,-1
76,425000000000,83,-1
93,425000000000,-1,87
95,425000000000,280,-1
7,430000000000,-1,93
46,430000000000,565,-1
75,430000000000,-1,437
78,430000000000,-1,10
93,430000000000,87,-1
7,435000000000,93,-1
65,435000000000,-1,390
75,435000000000,437,-1
78,435000000000,10,-1
83,435000000000,-1,156
97,435000000000,-1,256
15,440000000000,-1,11
24,440000000000,-1,355
30,440000000000,-1,83
39,440000000000,-1,134
48,440000000000,-1,279
54,440000000000,-1,6
65,440000000000,390,-1
67,440000000000,-1,108
81,440000000000,-1,108
83,440000000000,156,-1
97,440000000000,256,-1
2,445000000000,-1,606
14,445000000000,-1,150
15,445000000000,11,-1
19,445000000000,-1,381
24,445000000000,355,-1
30,445000000000,83,-1
31,445000000000,-1,391
34,445000000000,-1,90
36,445000000000,-1,36
39,445000000000,134,-1
42,445000000000,-1,254
48,445000000000,279,-1
54,445000000000,6,-1
63,445000000000,-1,392
67,445000000000,108,-1
70,445000000000,-1,228
71,445000000000,-1,436
81,445000000000,108,-1
85,445000000000,-1,386
98,445000000000,-1,379
2,450000000000,606,-1
6,450000000000,-1,4
8,450000000000,-1,161
14,450000000000,150,-1
19,450000000000,381,-1
31,450000000000,391,-1
34,450000000000,90,-1
36,450000000000,36,-1
42,450000000000,254,12
43,450000000000,-1,151
51,450000000000,-1,590
63,450000000000,392,416
70,450000000000,228,-1
71,450000000000,436,-1
73,450000000000,-1,186
77,450000000000,-1,231
85,450000000000,386,-1
88,450000000000,-1,62
96,450000000000,-1,133
98,450000000000,379,-1
5,455000000000,-1,540
6,455000000000,4,-1
8,455000000000,161,-1
11,455000000000,-1,281
29,455000000000,-1,474
32,455000000000,-1,6
33,455000000000,-1,386
41,455000000000,-1,304
42,455000000000,12,-1
43,455000000000,151,-1
51,455000000000,590,-1
56,455000000000,-1,276
57,455000000000,-1,230
63,455000000000,416,-1
64,455000000000,-1,586
72,455000000000,-1,356
73,455000000000,186,-1
77,455000000000,231,-1
88,455000000000,62,-1
90,455000000000,-1,329
96,455000000000,133,-1
4,460000000000,-1,149
5,460000000000,540,-1
11,460000000000,281,-1
27,460000000000,-1,331
29,460000000000,474,-1
32,460000000000,6,-1
33,460000000000,386,-1
41,460000000000,304,-1
48,460000000000,-1,37
56,460000000000,276,-1
57,460000000000,230,-1
64,460000000000,586,-1
72,460000000000,356,-1
77,460000000000,-1,206
90,460000000000,329,-1
99,460000000000,-1,137
4,465000000000,149,-1
12,465000000000,-1,405
25,465000000000,-1,53
27,465000000000,331,-1
32,465000000000,-1,606
48,465000000000,37,-1
62,465000000000,-1,174
76,465000000000,-1,34
77,465000000000,206,-1
99,465000000000,137,-1
9,470000000000,-1,299
12,470000000000,405,-1
21,470000000000,-1,58
25,470000000000,53,-1
32,470000000000,606,-1
35,470000000000,-1,5
59,470000000000,-1,388
60,470000000000,-1,356
62,470000000000,174,-1
67,470000000000,-1,59
76,470000000000,34,-1
84,470000000000,-1,330
87,470000000000,-1,109
92,470000000000,-1,37
9,475000000000,299,-1
21,475000000000,58,-1
35,475000000000,5,-1
59,475000000000,388,-1
60,475000000000,356,-1
67,475000000000,59,-1
71,475000000000,-1,605
75,475000000000,-1,29
84,475000000000,330,-1
87,475000000000,109,-1
91,475000000000,-1,208
92,475000000000,37,-1
58,480000000000,-1,355
60,480000000000,-1,210
71,480000000000,605,-1
75,480000000000,29,-1
91,480000000000,208,-1
1,485000000000,-1,353
58,485000000000,355,-1
60,485000000000,210,-1
69,485000000000,-1,157
80,485000000000,-1,205
1,490000000000,353,-1
6,490000000000,-1,387
52,490000000000,-1,354
65,490000000000,-1,76
66,490000000000,-1,539
69,490000000000,157,-1
80,490000000000,205,-1
6,495000000000,387,-1
13,495000000000,-1,507
26,495000000000,-1,130
47,495000000000,-1,183
52,495000000000,354,-1
65,495000000000,76,-1
66,495000000000,539,-1
67,495000000000,-1,132
79,495000000000,-1,137
94,495000000000,-1,253
13,500000000000,507,-1
26,500000000000,130,-1
39,500000000000,-1,158
47,500000000000,183,-1
55,500000000000,-1,367
67,500000000000,132,-1
72,500000000000,-1,331
79,500000000000,137,-1
86,500000000000,-1,77
94,500000000000,253,-1
23,505000000000,-1,415
39,505000000000,158,-1
55,505000000000,367,-1
72,505000000000,331,-1
86,505000000000,77,-1
93,505000000000,-1,304
12,510000000000,-1,211
23,510000000000,415,-1
93,510000000000,304,-1
12,515000000000,211,-1
44,515000000000,-1,87
76,515000000000,-1,107
89,515000000000,-1,549
30,520000000000,-1,34
33,520000000000,-1,361
44,520000000000,87,-1
76,520000000000,107,-1
89,520000000000,549,-1
12,525000000000,-1,380
19,525000000000,-1,235
30,525000000000,34,-1
33,525000000000,361,-1
87,525000000000,-1,133
12,530000000000,380,-1
19,530000000000,235,-1
74,530000000000,-1,90
87,530000000000,133,-1
27,535000000000,-1,185
36,535000000000,-1,205
38,535000000000,-1,580
46,535000000000,-1,251
74,535000000000,90,-1
18,540000000000,-1,202
24,540000000000,-1,161
27,540000000000,185,306
33,540000000000,-1,555
36,540000000000,205,-1
38,540000000000,580,-1
46,540000000000,251,-1
78,540000000000,-1,131
85,540000000000,-1,556
89,540000000000,-1,117
17,545000000000,-1,438
18,545000000000,202,-1
20,545000000000,-1,63
21,545000000000,-1,9
24,545000000000,161,-1
27,545000000000,306,-1
28,545000000000,-1,153
33,545000000000,555,-1
54,545000000000,-1,485
61,545000000000,-1,287
78,545000000000,131,-1
85,545000000000,556,-1
89,545000000000,117,-1
96,545000000000,-1,84
2,550000000000,-1,460
3,550000000000,-1,113
11,550000000000,-1,135
17,550000000000,438,-1
20,550000000000,63,-1
21,550000000000,9,-1
28,550000000000,153,-1
34,550000000000,-1,401
54,550000000000,485,-1
61,550000000000,287,-1
82,550000000000,-1,386
92,550000000000,-1,61
96,550000000000,84,-1
97,550000000000,-1,110
0,555000000000,-1,387
2,555000000000,460,-1
3,555000000000,113,-1
7,555000000000,-1,548
10,555000000000,-1,563
11,555000000000,135,-1
22,555000000000,-1,324
34,555000000000,401,-1
49,555000000000,-1,611
59,555000000000,-1,28
63,555000000000,-1,125
81,555000000000,-1,83
82,555000000000,386,-1
92,555000000000,61,-1
97,555000000000,110,-1
0,560000000000,387,-1
7,560000000000,548,-1
9,560000000000,-1,517
10,560000000000,563,-1
16,560000000000,-1,53
22,560000000000,324,-1
25,560000000000,-1,413
28,560000000000,-1,513
32,560000000000,-1,460
40,560000000000,-1,598
49,560000000000,611,-1
53,560000000000,-1,138
57,560000000000,-1,36
58,560000000000,-1,161
59,560000000000,28,-1
63,560000000000,125,-1
70,560000000000,-1,588
80,560000000000,-1,11
81,560000000000,83,-1
83,560000000000,-1,10
84,560000000000,-1,354
85,560000000000,-1,410
95,560000000000,-1,86
1,565000000000,-1,88
8,565000000000,-1,355
9,565000000000,517,-1
14,565000000000,-1,416
16,565000000000,53,-1
25,565000000000,413,-1
27,565000000000,-1,160
28,565000000000,513,-1
30,565000000000,-1,107
32,565000000000,460,-1
38,565000000000,-1,386
40,565000000000,598,-1
51,565000000000,-1,276
53,565000000000,138,-1
57,565000000000,36,-1
58,565000000000,161,-1
64,565000000000,-1,155
70,565000000000,588,-1
77,565000000000,-1,60
80,565000000000,11,-1
83,565000000000,10,-1
84,565000000000,354,-1
85,565000000000,410,-1
95,565000000000,86,-1
1,570000000000,88,-1
8,570000000000,355,-1
13,570000000000,-1,531
14,570000000000,416,-1
15,570000000000,-1,205
27,570000000000,160,-1
30,570000000000,107,-1
31,570000000000,-1,100
38,570000000000,386,-1
51,570000000000,276,-1
64,570000000000,155,-1
68,570000000000,-1,328
69,570000000000,-1,181
72,570000000000,-1,185
77,570000000000,60,-1
96,570000000000,-1,157
98,570000000000,-1,137
13,575000000000,531,-1
15,575000000000,205,-1
23,575000000000,-1,101
31,575000000000,100,-1
41,575000000000,-1,62
68,575000000000,328,-1
69,575000000000,181,-1
72,575000000000,185,-1
84,575000000000,-1,136
88,575000000000,-1,279
94,575000000000,-1,613
96,575000000000,157,-1
98,575000000000,137,-1
4,580000000000,-1,367
21,580000000000,-1,82
23,580000000000,101,-1
41,580000000000,62,-1
45,580000000000,-1,589
55,580000000000,-1,149
56,580000000000,-1,565
67,580000000000,-1,83
76,580000000000,-1,58
84,580000000000,136,-1
88,580000000000,279,-1
94,580000000000,613,-1
4,585000000000,367,-1
21,585000000000,82,-1
26,585000000000,-1,561
35,585000000000,-1,436
37,585000000000,-1,126
42,585000000000,-1,229
45,585000000000,589,-1
55,585000000000,149,-1
56,585000000000,565,-1
67,585000000000,83,-1
76,585000000000,58,-1
19,590000000000,-1,210
24,590000000000,-1,330
26,590000000000,561,-1
35,590000000000,436,-1
37,590000000000,126,-1
42,590000000000,229,-1
52,590000000000,-1,112
62,590000000000,-1,198
74,590000000000,-1,401
90,590000000000,-1,87
91,590000000000,-1,232
92,590000000000,-1,254
96,590000000000,-1,108
99,590000000000,-1,354
19,595000000000,210,-1
24,595000000000,330,136
30,595000000000,-1,58
48,595000000000,-1,254
52,595000000000,112,-1
62,595000000000,198,-1
66,595000000000,-1,202
74,595000000000,401,-1
90,595000000000,87,-1
91,595000000000,232,-1
92,595000000000,254,-1
96,595000000000,108,-1
99,595000000000,354,-1
15,600000000000,-1,180
24,600000000000,136,-1
30,600000000000,58,-1
48,600000000000,254,-1
66,600000000000,202,-1
67,600000000000,-1,34
73,600000000000,-1,355
89,600000000000,-1,524
15,605000000000,180,-1
17,605000000000,-1,77
47,605000000000,-1,207
67,605000000000,34,-1
73,605000000000,355,-1
86,605000000000,-1,389
89,605000000000,524,-1
12,610000000000,-1,186
17,610000000000,77,-1
20,610000000000,-1,327
47,610000000000,207,-1
54,610000000000,-1,460
76,610000000000,-1,9
82,610000000000,-1,361
86,610000000000,389,-1
0,615000000000,-1,3
2,615000000000,-1,435
12,615000000000,186,-1
18,615000000000,-1,538
20,615000000000,327,-1
22,615000000000,-1,541
54,615000000000,460,-1
60,615000000000,-1,331
76,615000000000,9,-1
82,615000000000,361,-1
0,620000000000,3,-1
2,620000000000,435,-1
3,620000000000,-1,377
18,620000000000,538,-1
22,620000000000,541,-1
60,620000000000,331,-1
64,620000000000,-1,130
3,625000000000,377,-1
39,625000000000,-1,182
49,625000000000,-1,586
50,625000000000,-1,89
62,625000000000,-1,367
64,625000000000,130,-1
97,625000000000,-1,85
21,630000000000,-1,33
39,630000000000,182,-1
49,630000000000,586,-1
50,630000000000,89,-1
62,630000000000,367,-1
79,630000000000,-1,378
86,630000000000,-1,413
97,630000000000,85,-1
11,635000000000,-1,256
21,635000000000,33,-1
29,635000000000,-1,67
79,635000000000,378,-1
86,635000000000,413,-1
87,635000000000,-1,157
91,635000000000,-1,183
11,640000000000,256,-1
29,640000000000,67,-1
45,640000000000,-1,251
83,640000000000,-1,180
87,640000000000,157,-1
91,640000000000,183,-1
29,645000000000,-1,42
45,645000000000,251,-1
49,645000000000,-1,179
50,645000000000,-1,376
69,645000000000,-1,59
75,645000000000,-1,412
82,645000000000,-1,579
83,645000000000,180,-1
5,650000000000,-1,226
7,650000000000,-1,523
13,650000000000,-1,409
29,650000000000,42,-1
44,650000000000,-1,328
49,650000000000,179,-1
50,650000000000,376,-1
61,650000000000,-1,528
69,650000000000,59,-1
75,650000000000,412,-1
82,650000000000,579,-1
4,655000000000,-1,342
5,655000000000,226,-1
7,655000000000,523,-1
13,655000000000,409,-1
44,655000000000,328,-1
53,655000000000,-1,402
61,655000000000,528,-1
97,655000000000,-1,255
4,660000000000,342,-1
8,660000000000,-1,330
9,660000000000,-1,323
15,660000000000,-1,10
31,660000000000,-1,390
47,660000000000,-1,158
53,660000000000,402,-1
54,660000000000,-1,5
75,660000000000,-1,436
97,660000000000,255,-1
2,665000000000,-1,605
6,665000000000,-1,3
8,665000000000,330,-1
9,665000000000,323,-1
10,665000000000,-1,202
15,665000000000,10,-1
31,665000000000,390,-1
40,665000000000,-1,142
43,665000000000,-1,440
46,665000000000,-1,564
47,665000000000,158,-1
48,665000000000,-1,278
54,665000000000,5,-1
65,665000000000,-1,389
68,665000000000,-1,62
75,665000000000,436,-1
76,665000000000,-1,82
93,665000000000,-1,86
2,670000000000,605,-1
6,670000000000,3,-1
10,670000000000,202,-1
19,670000000000,-1,380
24,670000000000,-1,354
36,670000000000,-1,35
40,670000000000,142,-1
43,670000000000,440,-1
46,670000000000,564,-1
48,670000000000,278,-1
62,670000000000,-1,173
63,670000000000,-1,415
65,670000000000,389,-1
68,670000000000,62,-1
71,670000000000,-1,435
73,670000000000,-1,185
76,670000000000,82,-1
78,670000000000,-1,9
93,670000000000,86,-1
95,670000000000,-1,279
4,675000000000,-1,148
8,675000000000,-1,160
16,675000000000,-1,437
19,675000000000,380,-1
24,675000000000,354,-1
27,675000000000,-1,330
29,675000000000,-1,473
33,675000000000,-1,385
36,675000000000,35,-1
42,675000000000,-1,253
43,675000000000,-1,150
62,675000000000,173,-1
63,675000000000,415,-1
71,675000000000,435,-1
72,675000000000,-1,355
73,675000000000,185,-1
77,675000000000,-1,230
78,675000000000,9,-1
83,675000000000,-1,155
95,675000000000,279,-1
4,680000000000,148,-1
5,680000000000,-1,250
7,680000000000,-1,92
8,680000000000,160,-1
12,680000000000,-1,404
16,680000000000,437,-1
27,680000000000,330,-1
29,680000000000,473,-1
30,680000000000,-1,82
32,680000000000,-1,5
33,680000000000,385,-1
34,680000000000,-1,89
42,680000000000,253,-1
43,680000000000,150,-1
56,680000000000,-1,275
64,680000000000,-1,585
72,680000000000,355,-1
77,680000000000,230,-1
81,680000000000,-1,107
83,680000000000,155,-1
98,680000000000,-1,378
5,685000000000,250,-1
7,685000000000,92,-1
11,685000000000,-1,280
12,685000000000,404,-1
30,685000000000,82,-1
32,685000000000,5,-1
34,685000000000,89,-1
56,685000000000,275,-1
64,685000000000,585,-1
67,685000000000,-1,107
81,685000000000,107,-1
85,685000000000,-1,385
88,685000000000,-1,61
98,685000000000,378,-1
11,690000000000,280,-1
14,690000000000,-1,174
42,690000000000,-1,11
67,690000000000,107,-1
70,690000000000,-1,227
85,690000000000,385,-1
88,690000000000,61,-1
96,690000000000,-1,132
14,695000000000,174,-1
26,695000000000,-1,154
42,695000000000,11,-1
51,695000000000,-1,589
57,695000000000,-1,229
60,695000000000,-1,355
70,695000000000,227,-1
90,695000000000,-1,328
96,695000000000,132,-1
99,695000000000,-1,136
26,700000000000,154,-1
35,700000000000,-1,460
51,700000000000,589,-1
57,700000000000,229,-1
60,700000000000,355,-1
77,700000000000,-1,205
90,700000000000,328,-1
99,700000000000,136,-1
5,705000000000,-1,539
32,705000000000,-1,605
35,705000000000,460,-1
48,705000000000,-1,36
67,705000000000,-1,58
76,705000000000,-1,33
77,705000000000,205,-1
5,710000000000,539,-1
21,710000000000,-1,57
25,710000000000,-1,52
32,710000000000,605,-1
35,710000000000,-1,29
38,710000000000,-1,604
48,710000000000,36,-1
59,710000000000,-1,387
67,710000000000,58,-1
76,710000000000,33,-1
1,715000000000,-1,112
9,715000000000,-1,298
21,715000000000,57,-1
25,715000000000,52,-1
35,715000000000,29,4
38,715000000000,604,-1
59,715000000000,387,-1
71,715000000000,-1,410
75,715000000000,-1,28
91,715000000000,-1,207
1,720000000000,112,-1
9,720000000000,298,-1
35,720000000000,4,-1
39,720000000000,-1,133
41,720000000000,-1,303
71,720000000000,410,-1
75,720000000000,28,-1
84,720000000000,-1,329
87,720000000000,-1,108
91,720000000000,207,-1
39,725000000000,133,-1
41,725000000000,303,-1
84,725000000000,329,-1
87,725000000000,108,-1
58,730000000000,-1,354
69,730000000000,-1,156
79,730000000000,-1,136
80,730000000000,-1,204
1,735000000000,-1,352
23,735000000000,-1,414
47,735000000000,-1,182
58,735000000000,354,-1
65,735000000000,-1,75
66,735000000000,-1,538
67,735000000000,-1,131
69,735000000000,156,-1
79,735000000000,136,-1
80,735000000000,204,-1
86,735000000000,-1,76
1,740000000000,352,-1
6,740000000000,-1,386
13,740000000000,-1,506
23,740000000000,414,-1
39,740000000000,-1,157
47,740000000000,182,-1
52,740000000000,-1,353
65,740000000000,75,-1
66,740000000000,538,-1
67,740000000000,131,-1
72,740000000000,-1,330
86,740000000000,76,-1
93,740000000000,-1,303
94,740000000000,-1,252
6,745000000000,386,-1
13,745000000000,506,-1
39,745000000000,157,-1
52,745000000000,353,-1
72,745000000000,330,-1
89,745000000000,-1,548
93,745000000000,303,-1
94,745000000000,252,-1
44,750000000000,-1,86
55,750000000000,-1,366
76,750000000000,-1,106
89,750000000000,548,-1
19,755000000000,-1,234
26,755000000000,-1,129
44,755000000000,86,-1
55,755000000000,366,-1
76,755000000000,106,-1
19,760000000000,234,-1
26,760000000000,129,-1
27,760000000000,-1,184
33,760000000000,-1,360
74,760000000000,-1,89
27,765000000000,184,-1
33,765000000000,360,-1
60,765000000000,-1,209
74,765000000000,89,-1
85,765000000000,-1,555
87,765000000000,-1,132
9,770000000000,-1,516
18,770000000000,-1,201
60,770000000000,209,-1
85,770000000000,555,-1
87,770000000000,132,-1
9,775000000000,516,-1
18,775000000000,201,-1
30,775000000000,-1,33
36,775000000000,-1,10
46,775000000000,-1,250
54,775000000000,-1,484
2,780000000000,-1,459
12,780000000000,-1,379
22,780000000000,-1,323
30,780000000000,33,-1
36,780000000000,10,-1
38,780000000000,-1,579
46,780000000000,250,-1
54,780000000000,484,-1
61,780000000000,-1,286
78,780000000000,-1,130
92,780000000000,-1,60
97,780000000000,-1,109
0,785000000000,-1,386
2,785000000000,459,-1
11,785000000000,-1,134
12,785000000000,379,-1
15,785000000000,-1,204
20,785000000000,-1,62
22,785000000000,323,-1
28,785000000000,-1,176
38,785000000000,579,385
57,785000000000,-1,35
61,785000000000,286,-1
78,785000000000,130,-1
84,785000000000,-1,353
92,785000000000,60,-1
97,785000000000,109,-1
0,790000000000,386,-1
3,790000000000,-1,112
8,790000000000,-1,354
11,790000000000,134,-1
15,790000000000,204,-1
17,790000000000,-1,437
20,790000000000,62,-1
21,790000000000,-1,8
28,790000000000,176,-1
38,790000000000,385,-1
57,790000000000,35,-1
58,790000000000,-1,160
64,790000000000,-1,154
80,790000000000,-1,10
83,790000000000,-1,9
84,790000000000,353,-1
95,790000000000,-1,85
3,795000000000,112,-1
4,795000000000,-1,366
7,795000000000,-1,547
8,795000000000,354,-1
10,795000000000,-1,562
16,795000000000,-1,436
17,795000000000,437,-1
21,795000000000,8,-1
27,795000000000,-1,305
30,795000000000,-1,106
33,795000000000,-1,554
34,795000000000,-1,400
36,795000000000,-1,204
49,795000000000,-1,610
58,795000000000,160,-1
59,795000000000,-1,27
64,795000000000,154,-1
80,795000000000,10,-1
82,795000000000,-1,385
83,795000000000,9,-1
85,795000000000,-1,579
95,795000000000,85,-1
4,800000000000,366,-1
7,800000000000,547,-1
10,800000000000,562,-1
13,800000000000,-1,530
14,800000000000,-1,415
16,800000000000,436,-1
25,800000000000,-1,412
27,800000000000,305,-1
30,800000000000,106,-1
32,800000000000,-1,459
33,800000000000,554,-1
34,800000000000,400,-1
36,800000000000,204,-1
40,800000000000,-1,597
41,800000000000,-1,61
45,800000000000,-1,588
49,800000000000,610,-1
53,800000000000,-1,137
59,800000000000,27,-1
68,800000000000,-1,327
69,800000000000,-1,180
70,800000000000,-1,587
71,800000000000,-1,604
82,800000000000,385,-1
85,800000000000,579,-1
96,800000000000,-1,156
1,805000000000,-1,87
13,805000000000,530,-1
14,805000000000,415,-1
24,805000000000,-1,160
25,805000000000,412,-1
32,805000000000,459,-1
40,805000000000,597,-1
41,805000000000,61,-1
45,805000000000,588,-1
51,805000000000,-1,275
53,805000000000,137,-1
55,805000000000,-1,148
68,805000000000,327,-1
69,805000000000,180,-1
70,805000000000,587,-1
71,805000000000,604,-1
77,805000000000,-1,59
81,805000000000,-1,82
89,805000000000,-1,116
96,805000000000,156,-1
1,810000000000,87,-1
21,810000000000,-1,81
24,810000000000,160,-1
26,810000000000,-1,560
27,810000000000,-1,159
51,810000000000,275,-1
55,810000000000,148,-1
62,810000000000,-1,391
63,810000000000,-1,149
72,810000000000,-1,184
77,810000000000,59,-1
81,810000000000,82,-1
88,810000000000,-1,278
89,810000000000,116,-1
98,810000000000,-1,136
21,815000000000,81,-1
23,815000000000,-1,100
26,815000000000,560,-1
27,815000000000,159,-1
31,815000000000,-1,124
37,815000000000,-1,463
62,815000000000,391,-1
63,815000000000,149,-1
67,815000000000,-1,82
72,815000000000,184,-1
73,815000000000,-1,379
88,815000000000,278,-1
94,815000000000,-1,612
98,815000000000,136,-1
23,820000000000,100,-1
31,820000000000,124,-1
37,820000000000,463,125
52,820000000000,-1,111
62,820000000000,-1,197
66,820000000000,-1,201
67,820000000000,82,-1
73,820000000000,379,-1
74,820000000000,-1,113
76,820000000000,-1,57
84,820000000000,-1,135
94,820000000000,612,-1
37,825000000000,125,-1
52,825000000000,111,-1
56,825000000000,-1,564
62,825000000000,197,-1
66,825000000000,201,-1
74,825000000000,113,-1
76,825000000000,57,-1
84,825000000000,135,-1
89,825000000000,-1,523
90,825000000000,-1,86
92,825000000000,-1,253
99,825000000000,-1,353
29,830000000000,-1,66
35,830000000000,-1,435
50,830000000000,-1,88
56,830000000000,564,-1
89,830000000000,523,-1
90,830000000000,86,-1
91,830000000000,-1,231
92,830000000000,253,-1
99,830000000000,353,-1
24,835000000000,-1,135
29,835000000000,66,-1
35,835000000000,435,-1
50,835000000000,88,-1
74,835000000000,-1,400
91,835000000000,231,-1
19,840000000000,-1,355
24,840000000000,135,-1
42,840000000000,-1,228
67,840000000000,-1,33
74,840000000000,400,-1
89,840000000000,-1,140
19,845000000000,355,-1
30,845000000000,-1,57
42,845000000000,228,-1
47,845000000000,-1,206
67,845000000000,33,-1
73,845000000000,-1,354
89,845000000000,140,-1
96,845000000000,-1,107
12,850000000000,-1,185
17,850000000000,-1,76
30,850000000000,57,-1
47,850000000000,206,-1
48,850000000000,-1,253
73,850000000000,354,-1
76,850000000000,-1,8
82,850000000000,-1,360
85,850000000000,-1,409
96,850000000000,107,-1
12,855000000000,185,-1
15,855000000000,-1,179
17,855000000000,76,-1
19,855000000000,-1,209
20,855000000000,-1,326
48,855000000000,253,-1
76,855000000000,8,-1
82,855000000000,360,-1
85,855000000000,409,-1
3,860000000000,-1,376
15,860000000000,179,-1
18,860000000000,-1,537
19,860000000000,209,-1
20,860000000000,326,-1
22,860000000000,-1,540
60,860000000000,-1,330
82,860000000000,-1,578
2,865000000000,-1,434
3,865000000000,376,-1
18,865000000000,537,-1
22,865000000000,540,-1
39,865000000000,-1,181
49,865000000000,-1,178
54,865000000000,-1,459
60,865000000000,330,-1
82,865000000000,578,-1
86,865000000000,-1,412
2,870000000000,434,-1
28,870000000000,-1,512
39,870000000000,181,-1
49,870000000000,178,-1
54,870000000000,459,-1
79,870000000000,-1,377
86,870000000000,412,-1
21,875000000000,-1,32
28,875000000000,512,-1
62,875000000000,-1,366
64,875000000000,-1,129
79,875000000000,377,-1
87,875000000000,-1,156
21,880000000000,32,-1
62,880000000000,366,-1
64,880000000000,129,-1
69,880000000000,-1,58
83,880000000000,-1,179
87,880000000000,156,-1
97,880000000000,-1,84
9,885000000000,-1,322
11,885000000000,-1,255
13,885000000000,-1,408
44,885000000000,-1,327
50,885000000000,-1,375
69,885000000000,58,-1
75,885000000000,-1,435
83,885000000000,179,-1
97,885000000000,84,-1
4,890000000000,-1,172
9,890000000000,322,-1
11,890000000000,255,-1
13,890000000000,408,-1
24,890000000000,-1,353
29,890000000000,-1,41
44,890000000000,327,-1
45,890000000000,-1,250
48,890000000000,-1,277
50,890000000000,375,-1
75,890000000000,435,-1
91,890000000000,-1,182
93,890000000000,-1,85
4,895000000000,172,-1
15,895000000000,-1,9
24,895000000000,353,-1
29,895000000000,41,-1
31,895000000000,-1,389
42,895000000000,-1,252
43,895000000000,-1,463
45,895000000000,250,-1
46,895000000000,-1,563
48,895000000000,277,-1
61,895000000000,-1,527
65,895000000000,-1,388
76,895000000000,-1,81
91,895000000000,182,-1
93,895000000000,85,-1
97,895000000000,-1,254
0,900000000000,-1,2
6,900000000000,-1,2
7,900000000000,-1,91
12,900000000000,-1,403
15,900000000000,9,-1
27,900000000000,-1,329
31,900000000000,389,-1
42,900000000000,252,-1
43,900000000000,463,-1
46,900000000000,563,-1
54,900000000000,-1,4
61,900000000000,527,-1
63,900000000000,-1,173
65,900000000000,388,-1
76,900000000000,81,-1
78,900000000000,-1,8
97,900000000000,254,-1
0,905000000000,2,-1
2,905000000000,-1,604
4,905000000000,-1,341
6,905000000000,2,-1
7,905000000000,91,-1
8,905000000000,-1,184
12,905000000000,403,-1
19,905000000000,-1,379
27,905000000000,329,-1
34,905000000000,-1,88
38,905000000000,-1,603
47,905000000000,-1,157
53,905000000000,-1,401
54,905000000000,4,-1
63,905000000000,173,-1
78,905000000000,8,-1
95,905000000000,-1,278
2,910000000000,604,-1
4,910000000000,341,-1
5,910000000000,-1,274
8,910000000000,184,-1
10,910000000000,-1,201
19,910000000000,379,-1
26,910000000000,-1,153
33,910000000000,-1,384
34,910000000000,88,-1
36,910000000000,-1,34
38,910000000000,603,-1
47,910000000000,157,-1
53,910000000000,401,-1
68,910000000000,-1,61
71,910000000000,-1,434
72,910000000000,-1,354
73,910000000000,-1,184
77,910000000000,-1,229
95,910000000000,278,-1
5,915000000000,274,-1
10,915000000000,201,-1
26,915000000000,153,-1
29,915000000000,-1,65
32,915000000000,-1,4
33,915000000000,384,-1
36,915000000000,34,-1
40,915000000000,-1,141
68,915000000000,61,-1
71,915000000000,434,-1
72,915000000000,354,-1
73,915000000000,184,-1
77,915000000000,229,-1
81,915000000000,-1,106
88,915000000000,-1,60
8,920000000000,-1,159
14,920000000000,-1,173
29,920000000000,65,-1
32,920000000000,4,-1
35,920000000000,-1,459
40,920000000000,141,-1
64,920000000000,-1,584
67,920000000000,-1,106
81,920000000000,106,-1
88,920000000000,60,-1
98,920000000000,-1,377
99,920000000000,-1,135
4,925000000000,-1,147
8,925000000000,159,-1
11,925000000000,-1,279
14,925000000000,173,-1
30,925000000000,-1,81
35,925000000000,459,-1
56,925000000000,-1,299
63,925000000000,-1,414
64,925000000000,584,-1
67,925000000000,106,-1
98,925000000000,377,-1
99,925000000000,135,-1
4,930000000000,147,-1
11,930000000000,279,-1
30,930000000000,81,-1
42,930000000000,-1,10
51,930000000000,-1,588
56,930000000000,299,-1
57,930000000000,-1,228
63,930000000000,414,-1
83,930000000000,-1,154
96,930000000000,-1,131
42,935000000000,10,-1
51,935000000000,588,-1
57,935000000000,228,-1
60,935000000000,-1,354
62,935000000000,-1,172
70,935000000000,-1,226
83,935000000000,154,-1
90,935000000000,-1,327
96,935000000000,131,-1
60,940000000000,354,-1
62,940000000000,172,-1
70,940000000000,226,-1
85,940000000000,-1,384
90,940000000000,327,-1
1,945000000000,-1,111
39,945000000000,-1,132
48,945000000000,-1,35
67,945000000000,-1,130
76,945000000000,-1,32
85,945000000000,384,-1
1,950000000000,111,-1
21,950000000000,-1,56
39,950000000000,132,-1
48,950000000000,35,-1
67,950000000000,130,-1
76,950000000000,32,-1
5,955000000000,-1,538
21,955000000000,56,-1
59,955000000000,-1,386
77,955000000000,-1,204
87,955000000000,-1,107
91,955000000000,-1,206
5,960000000000,538,-1
25,960000000000,-1,51
32,960000000000,-1,604
35,960000000000,-1,3
59,960000000000,386,-1
77,960000000000,204,-1
87,960000000000,107,-1
91,960000000000,206,-1
25,965000000000,51,-1
32,965000000000,604,-1
35,965000000000,3,-1
41,965000000000,-1,302
69,965000000000,-1,155
75,965000000000,-1,27
84,965000000000,-1,328
9,970000000000,-1,515
41,970000000000,302,-1
58,970000000000,-1,353
69,970000000000,155,-1
71,970000000000,-1,603
75,970000000000,27,-1
79,970000000000,-1,135
80,970000000000,-1,203
84,970000000000,328,-1
9,975000000000,515,-1
13,975000000000,-1,505
39,975000000000,-1,156
47,975000000000,-1,181
58,975000000000,353,-1
71,975000000000,603,-1
79,975000000000,135,-1
80,975000000000,203,-1
86,975000000000,-1,75
89,975000000000,-1,547
13,980000000000,505,-1
23,980000000000,-1,413
39,980000000000,156,-1
43,980000000000,-1,174
47,980000000000,181,-1
52,980000000000,-1,352
66,980000000000,-1,537
86,980000000000,75,-1
89,980000000000,547,-1
1,985000000000,-1,351
12,985000000000,-1,209
23,985000000000,413,-1
29,985000000000,-1,472
43,985000000000,174,-1
52,985000000000,352,-1
66,985000000000,537,-1
76,985000000000,-1,105
93,985000000000,-1,302
94,985000000000,-1,251
1,990000000000,351,-1
6,990000000000,-1,385
12,990000000000,209,-1
29,990000000000,472,-1
55,990000000000,-1,365
76,990000000000,105,-1
93,990000000000,302,-1
94,990000000000,251,-1
6,995000000000,385,-1
26,995000000000,-1,128
44,995000000000,-1,85
55,995000000000,365,-1
65,995000000000,-1,99
72,995000000000,-1,329
19,1000000000000,-1,233
26,1000000000000,128,-1
44,1000000000000,85,-1
60,1000000000000,-1,208
65,1000000000000,99,-1
72,1000000000000,329,-1
74,1000000000000,-1,88
85,1000000000000,-1,554
18,1005000000000,-1,200
19,1005000000000,233,-1
27,1005000000000,-1,183
60,1005000000000,208,-1
74,1005000000000,88,-1
85,1005000000000,554,-1
87,1005000000000,-1,131
8,1010000000000,-1,353
18,1010000000000,200,-1
20,1010000000000,-1,61
24,1010000000000,-1,159
27,1010000000000,183,-1
30,1010000000000,-1,32
87,1010000000000,131,-1
92,1010000000000,-1,59
2,1015000000000,-1,458
3,1015000000000,-1,111
8,1015000000000,353,-1
17,1015000000000,-1,436
20,1015000000000,61,-1
22,1015000000000,-1,322
24,1015000000000,159,-1
30,1015000000000,32,-1
33,1015000000000,-1,553
38,1015000000000,-1,409
54,1015000000000,-1,483
82,1015000000000,-1,384
84,1015000000000,-1,352
92,1015000000000,59,-1
97,1015000000000,-1,108
2,1020000000000,458,-1
3,1020000000000,111,-1
4,1020000000000,-1,365
7,1020000000000,-1,546
11,1020000000000,-1,133
16,1020000000000,-1,52
17,1020000000000,436,-1
22,1020000000000,322,-1
25,1020000000000,-1,411
28,1020000000000,-1,175
33,1020000000000,553,-1
38,1020000000000,409,-1
40,1020000000000,-1,596
45,1020000000000,-1,587
46,1020000000000,-1,274
49,1020000000000,-1,609
53,1020000000000,-1,136
54,1020000000000,483,-1
58,1020000000000,-1,377
59,1020000000000,-1,26
61,1020000000000,-1,285
68,1020000000000,-1,326
70,1020000000000,-1,586
82,1020000000000,384,-1
84,1020000000000,352,-1
85,1020000000000,-1,578
95,1020000000000,-1,84
97,1020000000000,108,-1
0,1025000000000,-1,385
4,1025000000000,365,-1
7,1025000000000,546,-1
10,1025000000000,-1,561
11,1025000000000,133,-1
12,1025000000000,-1,378
13,1025000000000,-1,432
15,1025000000000,-1,203
16,1025000000000,52,-1
25,1025000000000,411,-1
28,1025000000000,175,-1
32,1025000000000,-1,458
36,1025000000000,-1,203
40,1025000000000,596,-1
45,1025000000000,587,-1
46,1025000000000,274,-1
49,1025000000000,609,-1
53,1025000000000,136,-1
58,1025000000000,377,-1
59,1025000000000,26,-1
61,1025000000000,285,-1
64,1025000000000,-1,153
68,1025000000000,326,-1
70,1025000000000,586,-1
78,1025000000000,-1,129
80,1025000000000,-1,9
83,1025000000000,-1,8
85,1025000000000,578,-1
95,1025000000000,84,-1
0,1030000000000,385,-1
1,1030000000000,-1,86
10,1030000000000,561,-1
12,1030000000000,378,-1
13,1030000000000,432,-1
15,1030000000000,203,-1
16,1030000000000,-1,435
21,1030000000000,-1,7
30,1030000000000,-1,105
32,1030000000000,458,-1
36,1030000000000,203,-1
37,1030000000000,-1,462
50,1030000000000,-1,87
57,1030000000000,-1,34
64,1030000000000,153,-1
78,1030000000000,129,-1
80,1030000000000,9,-1
83,1030000000000,8,-1
96,1030000000000,-1,155
1,1035000000000,86,-1
16,1035000000000,435,-1
21,1035000000000,7,-1
30,1035000000000,105,-1
37,1035000000000,462,-1
38,1035000000000,-1,384
50,1035000000000,87,-1
57,1035000000000,34,-1
74,1035000000000,-1,112
81,1035000000000,-1,81
96,1035000000000,155,-1
14,1040000000000,-1,414
34,1040000000000,-1,424
38,1040000000000,384,-1
41,1040000000000,-1,60
55,1040000000000,-1,389
62,1040000000000,-1,390
69,1040000000000,-1,179
72,1040000000000,-1,183
74,1040000000000,112,-1
77,1040000000000,-1,58
81,1040000000000,81,-1
94,1040000000000,-1,611
13,1045000000000,-1,529
14,1045000000000,414,-1
21,1045000000000,-1,80
27,1045000000000,-1,158
34,1045000000000,424,-1
41,1045000000000,60,-1
51,1045000000000,-1,299
55,1045000000000,389,-1
62,1045000000000,390,-1
69,1045000000000,179,-1
72,1045000000000,183,-1
77,1045000000000,58,-1
94,1045000000000,611,-1
13,1050000000000,529,-1
21,1050000000000,80,-1
23,1050000000000,-1,437
27,1050000000000,158,-1
51,1050000000000,299,-1
67,1050000000000,-1,81
76,1050000000000,-1,56
23,1055000000000,437,124
26,1055000000000,-1,559
58,1055000000000,-1,159
62,1055000000000,-1,196
66,1055000000000,-1,200
67,1055000000000,81,-1
76,1055000000000,56,-1
88,1055000000000,-1,277
23,1060000000000,124,-1
26,1060000000000,559,-1
31,1060000000000,-1,123
52,1060000000000,-1,110
58,1060000000000,159,-1
62,1060000000000,196,-1
66,1060000000000,200,-1
88,1060000000000,277,-1
98,1060000000000,-1,135
31,1065000000000,123,-1
52,1065000000000,110,-1
55,1065000000000,-1,147
56,1065000000000,-1,563
91,1065000000000,-1,230
98,1065000000000,135,-1
99,1065000000000,-1,352
35,1070000000000,-1,434
55,1070000000000,147,-1
56,1070000000000,563,-1
89,1070000000000,-1,139
91,1070000000000,230,-1
99,1070000000000,352,-1
35,1075000000000,434,-1
89,1075000000000,139,-1
90,1075000000000,-1,85
19,1080000000000,-1,208
30,1080000000000,-1,56
47,1080000000000,-1,205
63,1080000000000,-1,148
90,1080000000000,85,-1
92,1080000000000,-1,252
96,1080000000000,-1,106
19,1085000000000,208,-1
30,1085000000000,56,-1
47,1085000000000,205,-1
63,1085000000000,148,-1
84,1085000000000,-1,134
92,1085000000000,252,-1
96,1085000000000,106,-1
17,1090000000000,-1,75
20,1090000000000,-1,325
37,1090000000000,-1,149
42,1090000000000,-1,227
67,1090000000000,-1,32
73,1090000000000,-1,353
84,1090000000000,134,-1
15,1095000000000,-1,178
17,1095000000000,75,-1
20,1095000000000,325,-1
24,1095000000000,-1,134
37,1095000000000,149,-1
39,1095000000000,-1,180
42,1095000000000,227,-1
60,1095000000000,-1,232
67,1095000000000,32,-1
73,1095000000000,353,-1
76,1095000000000,-1,7
85,1095000000000,-1,408
86,1095000000000,-1,411
3,1100000000000,-1,375
12,1100000000000,-1,184
15,1100000000000,178,-1
18,1100000000000,-1,536
24,1100000000000,134,-1
39,1100000000000,180,-1
48,1100000000000,-1,252
60,1100000000000,232,-1
76,1100000000000,7,-1
79,1100000000000,-1,376
85,1100000000000,408,-1
86,1100000000000,411,-1
2,1105000000000,-1,433
3,1105000000000,375,-1
12,1105000000000,184,-1
18,1105000000000,536,-1
21,1105000000000,-1,31
48,1105000000000,252,-1
54,1105000000000,-1,458
74,1105000000000,-1,424
79,1105000000000,376,-1
82,1105000000000,-1,577
83,1105000000000,-1,178
87,1105000000000,-1,155
2,1110000000000,433,-1
21,1110000000000,31,-1
31,1110000000000,-1,388
38,1110000000000,-1,602
42,1110000000000,-1,251
48,1110000000000,-1,276
54,1110000000000,458,-1
74,1110000000000,424,-1
82,1110000000000,577,-1
83,1110000000000,178,-1
87,1110000000000,155,-1
9,1115000000000,-1,321
11,1115000000000,-1,157
15,1115000000000,-1,8
27,1115000000000,-1,328
31,1115000000000,388,-1
38,1115000000000,602,-1
42,1115000000000,251,-1
48,1115000000000,276,-1
64,1115000000000,-1,128
4,1120000000000,-1,171
9,1120000000000,321,-1
11,1120000000000,157,-1
15,1120000000000,8,-1
22,1120000000000,-1,539
27,1120000000000,328,-1
44,1120000000000,-1,326
49,1120000000000,-1,177
54,1120000000000,-1,3
62,1120000000000,-1,365
63,1120000000000,-1,172
64,1120000000000,128,-1
97,1120000000000,-1,253
2,1125000000000,-1,603
4,1125000000000,171,-1
22,1125000000000,539,-1
24,1125000000000,-1,352
44,1125000000000,326,-1
49,1125000000000,177,-1
54,1125000000000,3,-1
60,1125000000000,-1,329
62,1125000000000,365,-1
63,1125000000000,172,-1
75,1125000000000,-1,434
91,1125000000000,-1,181
97,1125000000000,253,-1
2,1130000000000,603,-1
5,1130000000000,-1,273
6,1130000000000,-1,1
8,1130000000000,-1,183
12,1130000000000,-1,402
19,1130000000000,-1,378
24,1130000000000,352,-1
29,1130000000000,-1,496
60,1130000000000,329,-1
69,1130000000000,-1,57
71,1130000000000,-1,433
75,1130000000000,434,-1
76,1130000000000,-1,80
91,1130000000000,181,-1
5,1135000000000,273,-1
6,1135000000000,1,-1
7,1135000000000,-1,90
8,1135000000000,183,-1
12,1135000000000,402,-1
13,1135000000000,-1,407
19,1135000000000,378,-1
29,1135000000000,496,-1
32,1135000000000,-1,3
33,1135000000000,-1,383
36,1135000000000,-1,33
61,1135000000000,-1,526
69,1135000000000,57,-1
71,1135000000000,433,-1
72,1135000000000,-1,353
73,1135000000000,-1,183
76,1135000000000,80,-1
77,1135000000000,-1,228
93,1135000000000,-1,84
7,1140000000000,90,-1
13,1140000000000,407,-1
26,1140000000000,-1,152
32,1140000000000,3,-1
33,1140000000000,383,-1
36,1140000000000,33,-1
43,1140000000000,-1,462
50,1140000000000,-1,399
61,1140000000000,526,-1
65,1140000000000,-1,387
72,1140000000000,353,-1
73,1140000000000,183,-1
77,1140000000000,228,-1
93,1140000000000,84,-1
10,1145000000000,-1,200
26,1145000000000,152,-1
28,1145000000000,-1,511
29,1145000000000,-1,471
43,1145000000000,462,-1
46,1145000000000,-1,562
47,1145000000000,-1,156
50,1145000000000,399,-1
53,1145000000000,-1,400
64,1145000000000,-1,583
65,1145000000000,387,-1
68,1145000000000,-1,60
78,1145000000000,-1,7
10,1150000000000,200,-1
28,1150000000000,511,-1
29,1150000000000,471,-1
34,1150000000000,-1,87
35,1150000000000,-1,27
40,1150000000000,-1,140
45,1150000000000,-1,274
46,1150000000000,562,-1
47,1150000000000,156,-1
53,1150000000000,400,-1
56,1150000000000,-1,298
64,1150000000000,583,-1
68,1150000000000,60,-1
78,1150000000000,7,-1
81,1150000000000,-1,105
98,1150000000000,-1,376
0,1155000000000,-1,1
1,1155000000000,-1,110
4,1155000000000,-1,146
8,1155000000000,-1,158
30,1155000000000,-1,80
34,1155000000000,87,-1
35,1155000000000,27,-1
40,1155000000000,140,-1
45,1155000000000,274,-1
56,1155000000000,298,-1
81,1155000000000,105,-1
98,1155000000000,376,-1
0,1160000000000,1,-1
1,1160000000000,110,-1
4,1160000000000,146,-1
8,1160000000000,158,-1
11,1160000000000,-1,278
30,1160000000000,80,-1
63,1160000000000,-1,413
88,1160000000000,-1,59
96,1160000000000,-1,130
11,1165000000000,278,-1
62,1165000000000,-1,171
63,1165000000000,413,-1
83,1165000000000,-1,153
88,1165000000000,59,-1
90,1165000000000,-1,326
95,1165000000000,-1,277
96,1165000000000,130,-1
99,1165000000000,-1,134
14,1170000000000,-1,172
57,1170000000000,-1,252
59,1170000000000,-1,410
60,1170000000000,-1,353
62,1170000000000,171,-1
67,1170000000000,-1,105
70,1170000000000,-1,225
83,1170000000000,153,-1
90,1170000000000,326,-1
95,1170000000000,277,-1
99,1170000000000,134,-1
14,1175000000000,172,-1
57,1175000000000,252,-1
59,1175000000000,410,-1
60,1175000000000,353,-1
67,1175000000000,105,56
70,1175000000000,225,-1
76,1175000000000,-1,31
94,1175000000000,-1,275
51,1180000000000,-1,587
67,1180000000000,56,-1
76,1180000000000,31,-1
85,1180000000000,-1,383
94,1180000000000,275,-1
21,1185000000000,-1,55
42,1185000000000,-1,9
51,1185000000000,587,-1
57,1185000000000,-1,227
85,1185000000000,383,-1
91,1185000000000,-1,205
21,1190000000000,55,-1
39,1190000000000,-1,131
42,1190000000000,9,-1
57,1190000000000,227,-1
77,1190000000000,-1,82
87,1190000000000,-1,106
91,1190000000000,205,-1
32,1195000000000,-1,603
39,1195000000000,131,-1
77,1195000000000,82,203
87,1195000000000,106,-1
