1,0,8000000000
1,1,8002400000
1,2,8004800000
1,3,8007200000
1,4,8009600000
1,5,8012000000
1,6,8014400000
1,7,8016800000
1,8,8019200000
1,9,8021600000
1,10,8024000000
1,11,8026400000
1,12,8028800000
1,13,8031200000
1,14,8033600000
1,15,8036000000
1,16,8038400000
1,17,8040800000
1,18,8043200000
1,19,8045600000
1,20,8048000000
1,21,8050400000
1,22,8052800000
1,23,8055200000
1,24,8057600000
1,25,8060000000
1,26,8062400000
1,27,8064800000
1,28,8067200000
1,29,8069600000
1,30,8072000000
1,31,8074400000
1,32,8076800000
1,33,8079200000
1,34,8081600000
1,35,8084000000
1,36,8086400000
1,37,8088800000
1,38,8091200000
1,39,8093600000
1,40,8096000000
1,41,8098400000
1,42,8100800000
1,43,8103200000
1,44,8105600000
1,45,8108000000
1,46,8110400000
1,47,8112800000
1,48,8115200000
1,49,8117600000
1,50,8120000000
1,51,8122400000
1,52,8124800000
1,53,8127200000
1,54,8129600000
1,55,8132000000
1,56,8134400000
1,57,8136800000
1,58,8139200000
1,59,8141600000
1,60,8144000000
1,61,8146400000
1,62,8148800000
1,63,8151200000
1,64,8153600000
1,65,8156000000
1,66,8158400000
1,67,8160800000
1,68,8163200000
1,69,8165600000
1,70,8168000000
1,71,8170400000
1,72,8172800000
1,73,8175200000
1,74,8177600000
1,75,8180000000
1,76,8182400000
1,77,8184800000
1,78,8187200000
1,79,8189600000
1,80,8192000000
1,81,8194400000
1,82,8196800000
1,83,8199200000
1,84,8201600000
1,85,8204000000
1,86,8206400000
1,87,8208800000
1,88,8211200000
1,89,8213600000
1,90,8216000000
1,91,8218400000
1,92,8220800000
1,93,8223200000
1,94,8225600000
1,95,8228000000
1,96,8230400000
1,97,8232800000
1,98,8235200000
1,99,8237600000
1,100,8240000000
1,101,8242400000
1,102,8244800000
1,103,8247200000
1,104,8249600000
1,105,8252000000
1,106,8254400000
1,107,8256800000
1,108,8259200000
1,109,8261600000
1,110,8264000000
1,111,8266400000
1,112,8268800000
1,113,8271200000
1,114,8273600000
1,115,8276000000
1,116,8278400000
1,117,8280800000
1,118,8283200000
1,119,8285600000
1,120,8288000000
1,121,8290400000
1,122,8292800000
1,123,8295200000
1,124,8297600000
1,125,8300000000
1,126,8302400000
1,127,8304800000
1,128,8307200000
1,129,8309600000
1,130,8312000000
1,131,8314400000
1,132,8316800000
1,133,8319200000
1,134,8321600000
1,135,8324000000
1,136,8326400000
1,137,8328800000
1,138,8331200000
1,139,8333600000
1,140,8336000000
1,141,8338400000
1,142,8340800000
1,143,8343200000
1,144,8345600000
1,145,8348000000
1,146,8350400000
1,147,8352800000
1,148,8355200000
1,149,8357600000
1,150,8360000000
1,151,8362400000
1,152,8364800000
1,153,8367200000
1,154,8369600000
1,155,8372000000
1,156,8374400000
1,157,8376800000
1,158,8379200000
1,159,8381600000
1,160,8384000000
1,161,8386400000
1,162,8388800000
1,163,8391200000
1,164,8393600000
1,165,8396000000
1,166,8398400000
1,167,8400800000
1,168,8403200000
1,169,8405600000
1,170,8408000000
1,171,8410400000
1,172,8412800000
1,173,8415200000
1,174,8417600000
1,175,8420000000
1,176,8422400000
1,177,8424800000
1,178,8427200000
1,179,8429600000
1,180,8432000000
1,181,8434400000
1,182,8436800000
1,183,8439200000
1,184,8441600000
1,185,8444000000
1,186,8446400000
1,187,8448800000
1,188,8451200000
1,189,8453600000
1,190,8456000000
1,191,8458400000
1,192,8460800000
1,193,8463200000
1,194,8465600000
1,195,8468000000
1,196,8470400000
1,197,8472800000
1,198,8475200000
1,199,8477600000
1,200,8480000000
1,201,8482400000
1,202,8484800000
1,203,8487200000
1,204,8489600000
1,205,8492000000
1,206,8494400000
1,207,8496800000
1,208,8499200000
1,209,8501600000
1,210,8504000000
1,211,8506400000
1,212,8508800000
1,213,8511200000
1,214,8513600000
1,215,8516000000
1,216,8518400000
1,217,8520800000
1,218,8523200000
1,219,8525600000
1,220,8528000000
1,221,8530400000
1,222,8532800000
1,223,8535200000
1,224,8537600000
1,225,8540000000
1,226,8542400000
1,227,8544800000
1,228,8547200000
1,229,8549600000
1,230,8552000000
1,231,8554400000
1,232,8556800000
1,233,8559200000
1,234,8561600000
1,235,8564000000
1,236,8566400000
1,237,8568800000
1,238,8571200000
1,239,8573600000
1,240,8576000000
1,241,8578400000
1,242,8580800000
1,243,8583200000
1,244,8585600000
1,245,8588000000
1,246,8590400000
1,247,8592800000
1,248,8595200000
1,249,8597600000
1,250,8600000000
1,251,8602400000
1,252,8604800000
1,253,8607200000
1,254,8609600000
1,255,8612000000
1,256,8614400000
1,257,8616800000
1,258,8619200000
1,259,8621600000
1,260,8624000000
1,261,8626400000
1,262,8628800000
1,263,8631200000
1,264,8633600000
1,265,8636000000
1,266,8638400000
1,267,8640800000
1,268,8643200000
1,269,8645600000
1,270,8648000000
1,271,8650400000
1,272,8652800000
1,273,8655200000
1,274,8657600000
1,275,8660000000
1,276,8662400000
1,277,8664800000
1,278,8667200000
1,279,8669600000
1,280,8672000000
1,281,8674400000
1,282,8676800000
1,283,8679200000
1,284,8681600000
1,285,8684000000
1,286,8686400000
1,287,8688800000
1,288,8691200000
1,289,8693600000
1,290,8696000000
1,291,8698400000
1,292,8700800000
1,293,8703200000
1,294,8705600000
1,295,8708000000
1,296,8710400000
1,297,8712800000
1,298,8715200000
1,299,8717600000
1,300,8720000000
1,301,8722400000
1,302,8724800000
1,303,8727200000
1,304,8729600000
1,305,8732000000
1,306,8734400000
1,307,8736800000
1,308,8739200000
1,309,8741600000
1,310,8744000000
1,311,8746400000
1,312,8748800000
1,313,8751200000
1,314,8753600000
1,315,8756000000
1,316,8758400000
1,317,8760800000
1,318,8763200000
1,319,8765600000
1,320,8768000000
1,321,8770400000
1,322,8772800000
1,323,8775200000
1,324,8777600000
1,325,8780000000
1,326,8782400000
1,327,8784800000
1,328,8787200000
1,329,8789600000
1,330,8792000000
1,331,8794400000
1,332,8796800000
1,333,8799200000
1,334,8801600000
1,335,8804000000
1,336,8806400000
1,337,8808800000
1,338,8811200000
1,339,8813600000
1,340,8816000000
1,341,8818400000
1,342,8820800000
1,343,8823200000
1,344,8825600000
1,345,8828000000
1,346,8830400000
1,347,8832800000
1,348,8835200000
1,349,8837600000
1,350,8840000000
1,351,8842400000
1,352,8844800000
1,353,8847200000
1,354,8849600000
1,355,8852000000
1,356,8854400000
1,357,8856800000
1,358,8859200000
1,359,8861600000
1,360,8864000000
1,361,8866400000
1,362,8868800000
1,363,8871200000
1,364,8873600000
1,365,8876000000
1,366,8878400000
1,367,8880800000
1,368,8883200000
1,369,8885600000
1,370,8888000000
1,371,8890400000
1,372,8892800000
1,373,8895200000
1,374,8897600000
1,375,8900000000
1,376,8902400000
1,377,8904800000
1,378,8907200000
1,379,8909600000
1,380,8912000000
1,381,8914400000
1,382,8916800000
1,383,8919200000
1,384,8921600000
1,385,8924000000
1,386,8926400000
1,387,8928800000
1,388,8931200000
1,389,8933600000
1,390,8936000000
1,391,8938400000
1,392,8940800000
1,393,8943200000
1,394,8945600000
1,395,8948000000
1,396,8950400000
1,397,8952800000
1,398,8955200000
1,399,8957600000
1,400,8960000000
1,401,8962400000
1,402,8964800000
1,403,8967200000
1,404,8969600000
1,405,8972000000
1,406,8974400000
1,407,8976800000
1,408,8979200000
1,409,8981600000
1,410,8984000000
1,411,8986400000
1,412,8988800000
1,413,8991200000
1,414,8993600000
1,415,8996000000
1,416,8998400000
1,417,9000800000
1,418,9003200000
1,419,9005600000
1,420,9008000000
1,421,9010400000
1,422,9012800000
1,423,9015200000
1,424,9017600000
1,425,9020000000
1,426,9022400000
1,427,9024800000
1,428,9027200000
1,429,9029600000
1,430,9032000000
1,431,9034400000
1,432,9036800000
1,433,9039200000
1,434,9041600000
1,435,9044000000
1,436,9046400000
1,437,9048800000
1,438,9051200000
1,439,9053600000
1,440,9056000000
1,441,9058400000
1,442,9060800000
1,443,9063200000
1,444,9065600000
1,445,9068000000
1,446,9070400000
1,447,9072800000
1,448,9075200000
1,449,9077600000
1,450,9080000000
1,451,9082400000
1,452,9084800000
1,453,9087200000
1,454,9089600000
1,455,9092000000
1,456,9094400000
1,457,9096800000
1,458,9099200000
1,459,9101600000
1,460,9104000000
1,461,9106400000
1,462,9108800000
1,463,9111200000
1,464,9113600000
1,465,9116000000
1,466,9118400000
1,467,9120800000
1,468,9123200000
1,469,9125600000
1,470,9128000000
1,471,9130400000
1,472,9132800000
1,473,9135200000
1,474,9137600000
1,475,9140000000
1,476,9142400000
1,477,9144800000
1,478,9147200000
1,479,9149600000
1,480,9152000000
1,481,9154400000
1,482,9156800000
1,483,9159200000
1,484,9161600000
1,485,9164000000
1,486,9166400000
1,487,9168800000
1,488,9171200000
1,489,9173600000
1,490,9176000000
1,491,9178400000
1,492,9180800000
1,493,9183200000
1,494,9185600000
1,495,9188000000
1,496,9190400000
1,497,9192800000
1,498,9195200000
1,499,9197600000
1,500,9200000000
1,501,9202400000
1,502,9204800000
1,503,9207200000
1,504,9209600000
1,505,9212000000
1,506,9214400000
1,507,9216800000
1,508,9219200000
1,509,9221600000
1,510,9224000000
1,511,9226400000
1,512,9228800000
1,513,9231200000
1,514,9233600000
1,515,9236000000
1,516,9238400000
1,517,9240800000
1,518,9243200000
1,519,9245600000
1,520,9248000000
1,521,9250400000
1,522,9252800000
1,523,9255200000
1,524,9257600000
1,525,9260000000
1,526,9262400000
1,527,9264800000
1,528,9267200000
1,529,9269600000
1,530,9272000000
1,531,9274400000
1,532,9276800000
1,533,9279200000
1,534,9281600000
1,535,9284000000
1,536,9286400000
1,537,9288800000
1,538,9291200000
1,539,9293600000
1,540,9296000000
1,541,9298400000
1,542,9300800000
1,543,9303200000
1,544,9305600000
1,545,9308000000
1,546,9310400000
1,547,9312800000
1,548,9315200000
1,549,9317600000
1,550,9320000000
1,551,9322400000
1,552,9324800000
1,553,9327200000
1,554,9329600000
1,555,9332000000
1,556,9334400000
1,557,9336800000
1,558,9339200000
1,559,9341600000
1,560,9344000000
1,561,9346400000
1,562,9348800000
1,563,9351200000
1,564,9353600000
1,565,9356000000
1,566,9358400000
1,567,9360800000
1,568,9363200000
1,569,9365600000
1,570,9368000000
1,571,9370400000
1,572,9372800000
1,573,9375200000
1,574,9377600000
1,575,9380000000
1,576,9382400000
1,577,9384800000
1,578,9387200000
1,579,9389600000
1,580,9392000000
1,581,9394400000
1,582,9396800000
1,583,9399200000
1,584,9401600000
1,585,9404000000
1,586,9406400000
1,587,9408800000
1,588,9411200000
1,589,9413600000
1,590,9416000000
1,591,9418400000
1,592,9420800000
1,593,9423200000
1,594,9425600000
1,595,9428000000
1,596,9430400000
1,597,9432800000
1,598,9435200000
1,599,9437600000
1,600,9440000000
1,601,9442400000
1,602,9444800000
1,603,9447200000
1,604,9449600000
1,605,9452000000
1,606,9454400000
1,607,9456800000
1,608,9459200000
1,609,9461600000
1,610,9464000000
1,611,9466400000
1,612,9468800000
1,613,9471200000
1,614,9473600000
1,615,9476000000
1,616,9478400000
1,617,9480800000
1,618,9483200000
1,619,9485600000
1,620,9488000000
1,621,9490400000
1,622,9492800000
1,623,9495200000
1,624,9497600000
1,625,9500000000
1,626,9502400000
1,627,9504800000
1,628,9507200000
1,629,9509600000
1,630,9512000000
1,631,9514400000
1,632,9516800000
1,633,9519200000
1,634,9521600000
1,635,9524000000
1,636,9526400000
1,637,9528800000
1,638,9531200000
1,639,9533600000
1,640,9536000000
1,641,9538400000
1,642,9540800000
1,643,9543200000
1,644,9545600000
1,645,9548000000
1,646,9550400000
1,647,9552800000
1,648,9555200000
1,649,9557600000
1,650,9560000000
1,651,9562400000
1,652,9564800000
1,653,9567200000
1,654,9569600000
1,655,9572000000
1,656,9574400000
1,657,9576800000
1,658,9579200000
1,659,9581600000
1,660,9584000000
1,661,9586400000
1,662,9588800000
1,663,9591200000
1,664,9593600000
1,665,9596000000
1,666,9598400000
1,667,9600800000
1,668,9603200000
1,669,9605600000
1,670,9608000000
1,671,9610400000
1,672,9612800000
1,673,9615200000
1,674,9617600000
1,675,9620000000
1,676,9622400000
1,677,9624800000
1,678,9627200000
1,679,9629600000
1,680,9632000000
1,681,9634400000
1,682,9636800000
1,683,9639200000
1,684,9641600000
1,685,9644000000
1,686,9646400000
1,687,9648800000
1,688,9651200000
1,689,9653600000
1,690,9656000000
1,691,9658400000
1,692,9660800000
1,693,9663200000
1,694,9665600000
1,695,9668000000
1,696,9670400000
1,697,9672800000
1,698,9675200000
1,699,9677600000
1,700,9680000000
1,701,9682400000
1,702,9684800000
1,703,9687200000
1,704,9689600000
1,705,9692000000
1,706,9694400000
1,707,9696800000
1,708,9699200000
1,709,9701600000
1,710,9704000000
1,711,9706400000
1,712,9708800000
1,713,9711200000
1,714,9713600000
1,715,9716000000
1,716,9718400000
1,717,9720800000
1,718,9723200000
1,719,9725600000
1,720,9728000000
1,721,9730400000
1,722,9732800000
1,723,9735200000
1,724,9737600000
1,725,9740000000
1,726,9742400000
1,727,9744800000
1,728,9747200000
1,729,9749600000
1,730,9752000000
1,731,9754400000
1,732,9756800000
1,733,9759200000
1,734,9761600000
1,735,9764000000
1,736,9766400000
1,737,9768800000
1,738,9771200000
1,739,9773600000
1,740,9776000000
1,741,9778400000
1,742,9780800000
1,743,9783200000
1,744,9785600000
1,745,9788000000
1,746,9790400000
1,747,9792800000
1,748,9795200000
1,749,9797600000
1,750,9800000000
1,751,9802400000
1,752,9804800000
1,753,9807200000
1,754,9809600000
1,755,9812000000
1,756,9814400000
1,757,9816800000
1,758,9819200000
1,759,9821600000
1,760,9824000000
1,761,9826400000
1,762,9828800000
1,763,9831200000
1,764,9833600000
1,765,9836000000
1,766,9838400000
1,767,9840800000
1,768,9843200000
1,769,9845600000
1,770,9848000000
1,771,9850400000
1,772,9852800000
1,773,9855200000
1,774,9857600000
1,775,9860000000
1,776,9862400000
1,777,9864800000
1,778,9867200000
1,779,9869600000
1,780,9872000000
1,781,9874400000
1,782,9876800000
1,783,9879200000
1,784,9881600000
1,785,9884000000
1,786,9886400000
1,787,9888800000
1,788,9891200000
1,789,9893600000
1,790,9896000000
1,791,9898400000
1,792,9900800000
1,793,9903200000
1,794,9905600000
1,795,9908000000
1,796,9910400000
1,797,9912800000
1,798,9915200000
1,799,9917600000
1,800,9920000000
1,801,9922400000
1,802,9924800000
1,803,9927200000
1,804,9929600000
1,805,9932000000
1,806,9934400000
1,807,9936800000
1,808,9939200000
1,809,9941600000
1,810,9944000000
1,811,9946400000
1,812,9948800000
1,813,9951200000
1,814,9953600000
1,815,9956000000
1,816,9958400000
1,817,9960800000
1,818,9963200000
1,819,9965600000
1,820,9968000000
1,821,9970400000
1,822,9972800000
1,823,9975200000
1,824,9977600000
1,825,9980000000
1,826,9982400000
1,827,9984800000
1,828,9987200000
1,829,9989600000
1,830,9992000000
1,831,9994400000
1,832,9996800000
1,833,9999200000
1,834,10001600000
1,835,10004000000
1,836,10006400000
1,837,10008800000
1,838,10011200000
1,839,10013600000
1,840,10016000000
1,841,10018400000
1,842,10020800000
1,843,10023200000
1,844,10025600000
1,845,10028000000
1,846,10030400000
1,847,10032800000
1,848,10035200000
1,849,10037600000
1,850,10040000000
1,851,10042400000
1,852,10044800000
1,853,10047200000
1,854,10049600000
1,855,10052000000
1,856,10054400000
1,857,10056800000
1,858,10059200000
1,859,10061600000
1,860,10064000000
1,861,10066400000
1,862,10068800000
1,863,10071200000
1,864,10073600000
1,865,10076000000
1,866,10078400000
1,867,10080800000
1,868,10083200000
1,869,10085600000
1,870,10088000000
1,871,10090400000
1,872,10092800000
1,873,10095200000
1,874,10097600000
1,875,10100000000
1,876,10102400000
1,877,10104800000
1,878,10107200000
1,879,10109600000
1,880,10112000000
1,881,10114400000
1,882,10116800000
1,883,10119200000
1,884,10121600000
1,885,10124000000
1,886,10126400000
1,887,10128800000
1,888,10131200000
1,889,10133600000
1,890,10136000000
1,891,10138400000
1,892,10140800000
1,893,10143200000
1,894,10145600000
1,895,10148000000
1,896,10150400000
1,897,10152800000
1,898,10155200000
1,899,10157600000
1,900,10160000000
1,901,10162400000
1,902,10164800000
1,903,10167200000
1,904,10169600000
1,905,10172000000
1,906,10174400000
1,907,10176800000
1,908,10179200000
1,909,10181600000
1,910,10184000000
1,911,10186400000
1,912,10188800000
1,913,10191200000
1,914,10193600000
1,915,10196000000
1,916,10198400000
1,917,10200800000
1,918,10203200000
1,919,10205600000
1,920,10208000000
1,921,10210400000
1,922,10212800000
1,923,10215200000
1,924,10217600000
1,925,10220000000
1,926,10222400000
1,927,10224800000
1,928,10227200000
1,929,10229600000
1,930,10232000000
1,931,10234400000
1,932,10236800000
1,933,10239200000
1,934,10241600000
1,935,10244000000
1,936,10246400000
1,937,10248800000
1,938,10251200000
1,939,10253600000
1,940,10256000000
1,941,10258400000
1,942,10260800000
1,943,10263200000
1,944,10265600000
1,945,10268000000
1,946,10270400000
1,947,10272800000
1,948,10275200000
1,949,10277600000
1,950,10280000000
1,951,10282400000
1,952,10284800000
1,953,10287200000
1,954,10289600000
1,955,10292000000
1,956,10294400000
1,957,10296800000
1,958,10299200000
1,959,10301600000
1,960,10304000000
1,961,10306400000
1,962,10308800000
1,963,10311200000
1,964,10313600000
1,965,10316000000
1,966,10318400000
1,967,10320800000
1,968,10323200000
1,969,10325600000
1,970,10328000000
1,971,10330400000
1,972,10332800000
1,973,10335200000
1,974,10337600000
1,975,10340000000
1,976,10342400000
1,977,10344800000
1,978,10347200000
1,979,10349600000
1,980,10352000000
1,981,10354400000
1,982,10356800000
1,983,10359200000
1,984,10361600000
1,985,10364000000
1,986,10366400000
1,987,10368800000
1,988,10371200000
1,989,10373600000
1,990,10376000000
1,991,10378400000
1,992,10380800000
1,993,10383200000
1,994,10385600000
1,995,10388000000
1,996,10390400000
1,997,10392800000
1,998,10395200000
1,999,10397600000
1,1000,10400000000
1,1001,10402400000
1,1002,10404800000
1,1003,10407200000
1,1004,10409600000
1,1005,10412000000
1,1006,10414400000
1,1007,10416800000
1,1008,10419200000
1,1009,10421600000
1,1010,10424000000
1,1011,10426400000
1,1012,10428800000
1,1013,10431200000
1,1014,10433600000
1,1015,10436000000
1,1016,10438400000
1,1017,10440800000
1,1018,10443200000
1,1019,10445600000
1,1020,10448000000
1,1021,10450400000
1,1022,10452800000
1,1023,10455200000
1,1024,10457600000
1,1025,10460000000
1,1026,10462400000
1,1027,10464800000
1,1028,10467200000
1,1029,10469600000
1,1030,10472000000
1,1031,10474400000
1,1032,10476800000
1,1033,10479200000
1,1034,10481600000
1,1035,10484000000
1,1036,10486400000
1,1037,10488800000
1,1038,10491200000
1,1039,10493600000
1,1040,10496000000
1,1041,10498400000
1,1042,10500800000
1,1043,10503200000
1,1044,10505600000
1,1045,10508000000
1,1046,10510400000
1,1047,10512800000
1,1048,10515200000
1,1049,10517600000
1,1050,10520000000
1,1051,10522400000
1,1052,10524800000
1,1053,10527200000
1,1054,10529600000
1,1055,10532000000
1,1056,10534400000
1,1057,10536800000
1,1058,10539200000
1,1059,10541600000
1,1060,10544000000
1,1061,10546400000
1,1062,10548800000
1,1063,10551200000
1,1064,10553600000
1,1065,10556000000
1,1066,10558400000
1,1067,10560800000
1,1068,10563200000
1,1069,10565600000
1,1070,10568000000
1,1071,10570400000
1,1072,10572800000
1,1073,10575200000
1,1074,10577600000
1,1075,10580000000
1,1076,10582400000
1,1077,10584800000
1,1078,10587200000
1,1079,10589600000
1,1080,10592000000
1,1081,10594400000
1,1082,10596800000
1,1083,10599200000
1,1084,10601600000
1,1085,10604000000
1,1086,10606400000
1,1087,10608800000
1,1088,10611200000
1,1089,10613600000
1,1090,10616000000
1,1091,10618400000
1,1092,10620800000
1,1093,10623200000
1,1094,10625600000
1,1095,10628000000
1,1096,10630400000
1,1097,10632800000
1,1098,10635200000
1,1099,10637600000
1,1100,10640000000
1,1101,10642400000
1,1102,10644800000
1,1103,10647200000
1,1104,10649600000
1,1105,10652000000
1,1106,10654400000
1,1107,10656800000
1,1108,10659200000
1,1109,10661600000
1,1110,10664000000
1,1111,10666400000
1,1112,10668800000
1,1113,10671200000
1,1114,10673600000
1,1115,10676000000
1,1116,10678400000
1,1117,10680800000
1,1118,10683200000
1,1119,10685600000
1,1120,10688000000
1,1121,10690400000
1,1122,10692800000
1,1123,10695200000
1,1124,10697600000
1,1125,10700000000
1,1126,10702400000
1,1127,10704800000
1,1128,10707200000
1,1129,10709600000
1,1130,10712000000
1,1131,10714400000
1,1132,10716800000
1,1133,10719200000
1,1134,10721600000
1,1135,10724000000
1,1136,10726400000
1,1137,10728800000
1,1138,10731200000
1,1139,10733600000
1,1140,10736000000
1,1141,10738400000
1,1142,10740800000
1,1143,10743200000
1,1144,10745600000
1,1145,10748000000
1,1146,10750400000
1,1147,10752800000
1,1148,10755200000
1,1149,10757600000
1,1150,10760000000
1,1151,10762400000
1,1152,10764800000
1,1153,10767200000
1,1154,10769600000
1,1155,10772000000
1,1156,10774400000
1,1157,10776800000
1,1158,10779200000
1,1159,10781600000
1,1160,10784000000
1,1161,10786400000
1,1162,10788800000
1,1163,10791200000
1,1164,10793600000
1,1165,10796000000
1,1166,10798400000
1,1167,10800800000
1,1168,10803200000
1,1169,10805600000
1,1170,10808000000
1,1171,10810400000
1,1172,10812800000
1,1173,10815200000
1,1174,10817600000
1,1175,10820000000
1,1176,10822400000
1,1177,10824800000
1,1178,10827200000
1,1179,10829600000
1,1180,10832000000
1,1181,10834400000
1,1182,10836800000
1,1183,10839200000
1,1184,10841600000
1,1185,10844000000
1,1186,10846400000
1,1187,10848800000
1,1188,10851200000
1,1189,10853600000
1,1190,10856000000
1,1191,10858400000
1,1192,10860800000
1,1193,10863200000
1,1194,10865600000
1,1195,10868000000
1,1196,10870400000
1,1197,10872800000
1,1198,10875200000
1,1199,10877600000
1,1200,10880000000
1,1201,10882400000
1,1202,10884800000
1,1203,10887200000
1,1204,10889600000
1,1205,10892000000
1,1206,10894400000
1,1207,10896800000
1,1208,10899200000
1,1209,10901600000
1,1210,10904000000
1,1211,10906400000
1,1212,10908800000
1,1213,10911200000
1,1214,10913600000
1,1215,10916000000
1,1216,10918400000
1,1217,10920800000
1,1218,10923200000
1,1219,10925600000
1,1220,10928000000
1,1221,10930400000
1,1222,10932800000
1,1223,10935200000
1,1224,10937600000
1,1225,10940000000
1,1226,10942400000
1,1227,10944800000
1,1228,10947200000
1,1229,10949600000
1,1230,10952000000
1,1231,10954400000
1,1232,10956800000
1,1233,10959200000
1,1234,10961600000
1,1235,10964000000
1,1236,10966400000
1,1237,10968800000
1,1238,10971200000
1,1239,10973600000
1,1240,10976000000
1,1241,10978400000
1,1242,10980800000
1,1243,10983200000
1,1244,10985600000
1,1245,10988000000
1,1246,10990400000
1,1247,10992800000
1,1248,10995200000
1,1249,10997600000
1,1250,11000000000
1,1251,11002400000
1,1252,11004800000
1,1253,11007200000
1,1254,11009600000
1,1255,11012000000
1,1256,11014400000
1,1257,11016800000
1,1258,11019200000
1,1259,11021600000
1,1260,11024000000
1,1261,11026400000
1,1262,11028800000
1,1263,11031200000
1,1264,11033600000
1,1265,11036000000
1,1266,11038400000
1,1267,11040800000
1,1268,11043200000
1,1269,11045600000
1,1270,11048000000
1,1271,11050400000
1,1272,11052800000
1,1273,11055200000
1,1274,11057600000
1,1275,11060000000
1,1276,11062400000
1,1277,11064800000
1,1278,11067200000
1,1279,11069600000
1,1280,11072000000
1,1281,11074400000
1,1282,11076800000
1,1283,11079200000
1,1284,11081600000
1,1285,11084000000
1,1286,11086400000
1,1287,11088800000
1,1288,11091200000
1,1289,11093600000
1,1290,11096000000
1,1291,11098400000
1,1292,11100800000
1,1293,11103200000
1,1294,11105600000
1,1295,11108000000
1,1296,11110400000
1,1297,11112800000
1,1298,11115200000
1,1299,11117600000
1,1300,11120000000
1,1301,11122400000
1,1302,11124800000
1,1303,11127200000
1,1304,11129600000
1,1305,11132000000
1,1306,11134400000
1,1307,11136800000
1,1308,11139200000
1,1309,11141600000
1,1310,11144000000
1,1311,11146400000
1,1312,11148800000
1,1313,11151200000
1,1314,11153600000
1,1315,11156000000
1,1316,11158400000
1,1317,11160800000
1,1318,11163200000
1,1319,11165600000
1,1320,11168000000
1,1321,11170400000
1,1322,11172800000
1,1323,11175200000
1,1324,11177600000
1,1325,11180000000
1,1326,11182400000
1,1327,11184800000
1,1328,11187200000
1,1329,11189600000
1,1330,11192000000
1,1331,11194400000
1,1332,11196800000
1,1333,11199200000
1,1334,11201600000
1,1335,11204000000
1,1336,11206400000
1,1337,11208800000
1,1338,11211200000
1,1339,11213600000
1,1340,11216000000
1,1341,11218400000
1,1342,11220800000
1,1343,11223200000
1,1344,11225600000
1,1345,11228000000
1,1346,11230400000
1,1347,11232800000
1,1348,11235200000
1,1349,11237600000
1,1350,11240000000
1,1351,11242400000
1,1352,11244800000
1,1353,11247200000
1,1354,11249600000
1,1355,11252000000
1,1356,11254400000
1,1357,11256800000
1,1358,11259200000
1,1359,11261600000
1,1360,11264000000
1,1361,11266400000
1,1362,11268800000
1,1363,11271200000
1,1364,11273600000
1,1365,11276000000
1,1366,11278400000
1,1367,11280800000
1,1368,11283200000
1,1369,11285600000
1,1370,11288000000
1,1371,11290400000
1,1372,11292800000
1,1373,11295200000
1,1374,11297600000
1,1375,11300000000
1,1376,11302400000
1,1377,11304800000
1,1378,11307200000
1,1379,11309600000
1,1380,11312000000
1,1381,11314400000
1,1382,11316800000
1,1383,11319200000
1,1384,11321600000
1,1385,11324000000
1,1386,11326400000
1,1387,11328800000
1,1388,11331200000
1,1389,11333600000
1,1390,11336000000
1,1391,11338400000
1,1392,11340800000
1,1393,11343200000
1,1394,11345600000
1,1395,11348000000
1,1396,11350400000
1,1397,11352800000
1,1398,11355200000
1,1399,11357600000
1,1400,11360000000
1,1401,11362400000
1,1402,11364800000
1,1403,11367200000
1,1404,11369600000
1,1405,11372000000
1,1406,11374400000
1,1407,11376800000
1,1408,11379200000
1,1409,11381600000
1,1410,11384000000
1,1411,11386400000
1,1412,11388800000
1,1413,11391200000
1,1414,11393600000
1,1415,11396000000
1,1416,11398400000
1,1417,11400800000
1,1418,11403200000
1,1419,11405600000
1,1420,11408000000
1,1421,11410400000
1,1422,11412800000
1,1423,11415200000
1,1424,11417600000
1,1425,11420000000
1,1426,11422400000
1,1427,11424800000
1,1428,11427200000
1,1429,11429600000
1,1430,11432000000
1,1431,11434400000
1,1432,11436800000
1,1433,11439200000
1,1434,11441600000
1,1435,11444000000
1,1436,11446400000
1,1437,11448800000
1,1438,11451200000
1,1439,11453600000
1,1440,11456000000
1,1441,11458400000
1,1442,11460800000
1,1443,11463200000
1,1444,11465600000
1,1445,11468000000
1,1446,11470400000
1,1447,11472800000
1,1448,11475200000
1,1449,11477600000
1,1450,11480000000
1,1451,11482400000
1,1452,11484800000
1,1453,11487200000
1,1454,11489600000
1,1455,11492000000
1,1456,11494400000
1,1457,11496800000
1,1458,11499200000
1,1459,11501600000
1,1460,11504000000
1,1461,11506400000
1,1462,11508800000
1,1463,11511200000
1,1464,11513600000
1,1465,11516000000
1,1466,11518400000
1,1467,11520800000
1,1468,11523200000
1,1469,11525600000
1,1470,11528000000
1,1471,11530400000
1,1472,11532800000
1,1473,11535200000
1,1474,11537600000
1,1475,11540000000
1,1476,11542400000
1,1477,11544800000
1,1478,11547200000
1,1479,11549600000
1,1480,11552000000
1,1481,11554400000
1,1482,11556800000
1,1483,11559200000
1,1484,11561600000
1,1485,11564000000
1,1486,11566400000
1,1487,11568800000
1,1488,11571200000
1,1489,11573600000
1,1490,11576000000
1,1491,11578400000
1,1492,11580800000
1,1493,11583200000
1,1494,11585600000
1,1495,11588000000
1,1496,11590400000
1,1497,11592800000
1,1498,11595200000
1,1499,11597600000
1,1500,11600000000
1,1501,11602400000
1,1502,11604800000
1,1503,11607200000
1,1504,11609600000
1,1505,11612000000
1,1506,11614400000
1,1507,11616800000
1,1508,11619200000
1,1509,11621600000
1,1510,11624000000
1,1511,11626400000
1,1512,11628800000
1,1513,11631200000
1,1514,11633600000
1,1515,11636000000
1,1516,11638400000
1,1517,11640800000
1,1518,11643200000
1,1519,11645600000
1,1520,11648000000
1,1521,11650400000
1,1522,11652800000
1,1523,11655200000
1,1524,11657600000
1,1525,11660000000
1,1526,11662400000
1,1527,11664800000
1,1528,11667200000
1,1529,11669600000
1,1530,11672000000
1,1531,11674400000
1,1532,11676800000
1,1533,11679200000
1,1534,11681600000
1,1535,11684000000
1,1536,11686400000
1,1537,11688800000
1,1538,11691200000
1,1539,11693600000
1,1540,11696000000
1,1541,11698400000
1,1542,11700800000
1,1543,11703200000
1,1544,11705600000
1,1545,11708000000
1,1546,11710400000
1,1547,11712800000
1,1548,11715200000
1,1549,11717600000
1,1550,11720000000
1,1551,11722400000
1,1552,11724800000
1,1553,11727200000
1,1554,11729600000
1,1555,11732000000
1,1556,11734400000
1,1557,11736800000
1,1558,11739200000
1,1559,11741600000
1,1560,11744000000
1,1561,11746400000
1,1562,11748800000
1,1563,11751200000
1,1564,11753600000
1,1565,11756000000
1,1566,11758400000
1,1567,11760800000
1,1568,11763200000
1,1569,11765600000
1,1570,11768000000
1,1571,11770400000
1,1572,11772800000
1,1573,11775200000
1,1574,11777600000
1,1575,11780000000
1,1576,11782400000
1,1577,11784800000
1,1578,11787200000
1,1579,11789600000
1,1580,11792000000
1,1581,11794400000
1,1582,11796800000
1,1583,11799200000
1,1584,11801600000
1,1585,11804000000
1,1586,11806400000
1,1587,11808800000
1,1588,11811200000
1,1589,11813600000
1,1590,11816000000
1,1591,11818400000
1,1592,11820800000
1,1593,11823200000
1,1594,11825600000
1,1595,11828000000
1,1596,11830400000
1,1597,11832800000
1,1598,11835200000
1,1599,11837600000
1,1600,11840000000
1,1601,11842400000
1,1602,11844800000
1,1603,11847200000
1,1604,11849600000
1,1605,11852000000
1,1606,11854400000
1,1607,11856800000
1,1608,11859200000
1,1609,11861600000
1,1610,11864000000
1,1611,11866400000
1,1612,11868800000
1,1613,11871200000
1,1614,11873600000
1,1615,11876000000
1,1616,11878400000
1,1617,11880800000
1,1618,11883200000
1,1619,11885600000
1,1620,11888000000
1,1621,11890400000
1,1622,11892800000
1,1623,11895200000
1,1624,11897600000
1,1625,11900000000
1,1626,11902400000
1,1627,11904800000
1,1628,11907200000
1,1629,11909600000
1,1630,11912000000
1,1631,11914400000
1,1632,11916800000
1,1633,11919200000
1,1634,11921600000
1,1635,11924000000
1,1636,11926400000
1,1637,11928800000
1,1638,11931200000
1,1639,11933600000
1,1640,11936000000
1,1641,11938400000
1,1642,11940800000
1,1643,11943200000
1,1644,11945600000
1,1645,11948000000
1,1646,11950400000
1,1647,11952800000
1,1648,11955200000
1,1649,11957600000
1,1650,11960000000
1,1651,11962400000
1,1652,11964800000
1,1653,11967200000
1,1654,11969600000
1,1655,11972000000
1,1656,11974400000
1,1657,11976800000
1,1658,11979200000
1,1659,11981600000
1,1660,11984000000
1,1661,11986400000
1,1662,11988800000
1,1663,11991200000
1,1664,11993600000
1,1665,11996000000
1,1666,11998400000
1,1667,12000800000
1,1668,12003200000
1,1669,12005600000
1,1670,12008000000
1,1671,12010400000
1,1672,12012800000
1,1673,12015200000
1,1674,12017600000
1,1675,12020000000
1,1676,12022400000
1,1677,12024800000
1,1678,12027200000
1,1679,12029600000
1,1680,12032000000
1,1681,12034400000
1,1682,12036800000
1,1683,12039200000
1,1684,12041600000
1,1685,12044000000
1,1686,12046400000
1,1687,12048800000
1,1688,12051200000
1,1689,12053600000
1,1690,12056000000
1,1691,12058400000
1,1692,12060800000
1,1693,12063200000
1,1694,12065600000
1,1695,12068000000
1,1696,12070400000
1,1697,12072800000
1,1698,12075200000
1,1699,12077600000
1,1700,12080000000
1,1701,12082400000
1,1702,12084800000
1,1703,12087200000
1,1704,12089600000
1,1705,12092000000
1,1706,12094400000
1,1707,12096800000
1,1708,12099200000
1,1709,12101600000
1,1710,12104000000
1,1711,12106400000
1,1712,12108800000
1,1713,12111200000
1,1714,12113600000
1,1715,12116000000
1,1716,12118400000
1,1717,12120800000
1,1718,12123200000
1,1719,12125600000
1,1720,12128000000
1,1721,12130400000
1,1722,12132800000
1,1723,12135200000
1,1724,12137600000
1,1725,12140000000
1,1726,12142400000
1,1727,12144800000
1,1728,12147200000
1,1729,12149600000
1,1730,12152000000
1,1731,12154400000
1,1732,12156800000
1,1733,12159200000
1,1734,12161600000
1,1735,12164000000
1,1736,12166400000
1,1737,12168800000
1,1738,12171200000
1,1739,12173600000
1,1740,12176000000
1,1741,12178400000
1,1742,12180800000
1,1743,12183200000
1,1744,12185600000
1,1745,12188000000
1,1746,12190400000
1,1747,12192800000
1,1748,12195200000
1,1749,12197600000
1,1750,12200000000
1,1751,12202400000
1,1752,12204800000
1,1753,12207200000
1,1754,12209600000
1,1755,12212000000
1,1756,12214400000
1,1757,12216800000
1,1758,12219200000
1,1759,12221600000
1,1760,12224000000
1,1761,12226400000
1,1762,12228800000
1,1763,12231200000
1,1764,12233600000
1,1765,12236000000
1,1766,12238400000
1,1767,12240800000
1,1768,12243200000
1,1769,12245600000
1,1770,12248000000
1,1771,12250400000
1,1772,12252800000
1,1773,12255200000
1,1774,12257600000
1,1775,12260000000
1,1776,12262400000
1,1777,12264800000
1,1778,12267200000
1,1779,12269600000
1,1780,12272000000
1,1781,12274400000
1,1782,12276800000
1,1783,12279200000
1,1784,12281600000
1,1785,12284000000
1,1786,12286400000
1,1787,12288800000
1,1788,12291200000
1,1789,12293600000
1,1790,12296000000
1,1791,12298400000
1,1792,12300800000
1,1793,12303200000
1,1794,12305600000
1,1795,12308000000
1,1796,12310400000
1,1797,12312800000
1,1798,12315200000
1,1799,12317600000
1,1800,12320000000
1,1801,12322400000
1,1802,12324800000
1,1803,12327200000
1,1804,12329600000
1,1805,12332000000
1,1806,12334400000
1,1807,12336800000
1,1808,12339200000
1,1809,12341600000
1,1810,12344000000
1,1811,12346400000
1,1812,12348800000
1,1813,12351200000
1,1814,12353600000
1,1815,12356000000
1,1816,12358400000
1,1817,12360800000
1,1818,12363200000
1,1819,12365600000
1,1820,12368000000
1,1821,12370400000
1,1822,12372800000
1,1823,12375200000
1,1824,12377600000
1,1825,12380000000
1,1826,12382400000
1,1827,12384800000
1,1828,12387200000
1,1829,12389600000
1,1830,12392000000
1,1831,12394400000
1,1832,12396800000
1,1833,12399200000
1,1834,12401600000
1,1835,12404000000
1,1836,12406400000
1,1837,12408800000
1,1838,12411200000
1,1839,12413600000
1,1840,12416000000
1,1841,12418400000
1,1842,12420800000
1,1843,12423200000
1,1844,12425600000
1,1845,12428000000
1,1846,12430400000
1,1847,12432800000
1,1848,12435200000
1,1849,12437600000
1,1850,12440000000
1,1851,12442400000
1,1852,12444800000
1,1853,12447200000
1,1854,12449600000
1,1855,12452000000
1,1856,12454400000
1,1857,12456800000
1,1858,12459200000
1,1859,12461600000
1,1860,12464000000
1,1861,12466400000
1,1862,12468800000
1,1863,12471200000
1,1864,12473600000
1,1865,12476000000
1,1866,12478400000
1,1867,12480800000
1,1868,12483200000
1,1869,12485600000
1,1870,12488000000
1,1871,12490400000
1,1872,12492800000
1,1873,12495200000
1,1874,12497600000
1,1875,12500000000
1,1876,12502400000
1,1877,12504800000
1,1878,12507200000
1,1879,12509600000
1,1880,12512000000
1,1881,12514400000
1,1882,12516800000
1,1883,12519200000
1,1884,12521600000
1,1885,12524000000
1,1886,12526400000
1,1887,12528800000
1,1888,12531200000
1,1889,12533600000
1,1890,12536000000
1,1891,12538400000
1,1892,12540800000
1,1893,12543200000
1,1894,12545600000
1,1895,12548000000
1,1896,12550400000
1,1897,12552800000
1,1898,12555200000
1,1899,12557600000
1,1900,12560000000
1,1901,12562400000
1,1902,12564800000
1,1903,12567200000
1,1904,12569600000
1,1905,12572000000
1,1906,12574400000
1,1907,12576800000
1,1908,12579200000
1,1909,12581600000
1,1910,12584000000
1,1911,12586400000
1,1912,12588800000
1,1913,12591200000
1,1914,12593600000
1,1915,12596000000
1,1916,12598400000
1,1917,12600800000
1,1918,12603200000
1,1919,12605600000
1,1920,12608000000
1,1921,12610400000
1,1922,12612800000
1,1923,12615200000
1,1924,12617600000
1,1925,12620000000
1,1926,12622400000
1,1927,12624800000
1,1928,12627200000
1,1929,12629600000
1,1930,12632000000
1,1931,12634400000
1,1932,12636800000
1,1933,12639200000
1,1934,12641600000
1,1935,12644000000
1,1936,12646400000
1,1937,12648800000
1,1938,12651200000
1,1939,12653600000
1,1940,12656000000
1,1941,12658400000
1,1942,12660800000
1,1943,12663200000
1,1944,12665600000
1,1945,12668000000
1,1946,12670400000
1,1947,12672800000
1,1948,12675200000
1,1949,12677600000
1,1950,12680000000
1,1951,12682400000
1,1952,12684800000
1,1953,12687200000
1,1954,12689600000
1,1955,12692000000
1,1956,12694400000
1,1957,12696800000
1,1958,12699200000
1,1959,12701600000
1,1960,12704000000
1,1961,12706400000
1,1962,12708800000
1,1963,12711200000
1,1964,12713600000
1,1965,12716000000
1,1966,12718400000
1,1967,12720800000
1,1968,12723200000
1,1969,12725600000
1,1970,12728000000
1,1971,12730400000
1,1972,12732800000
1,1973,12735200000
1,1974,12737600000
1,1975,12740000000
1,1976,12742400000
1,1977,12744800000
1,1978,12747200000
1,1979,12749600000
1,1980,12752000000
1,1981,12754400000
1,1982,12756800000
1,1983,12759200000
1,1984,12761600000
1,1985,12764000000
1,1986,12766400000
1,1987,12768800000
1,1988,12771200000
1,1989,12773600000
1,1990,12776000000
1,1991,12778400000
1,1992,12780800000
1,1993,12783200000
1,1994,12785600000
1,1995,12788000000
1,1996,12790400000
1,1997,12792800000
1,1998,12795200000
1,1999,12797600000
1,2000,12800000000
1,2001,12802400000
1,2002,12804800000
1,2003,12807200000
1,2004,12809600000
1,2005,12812000000
1,2006,12814400000
1,2007,12816800000
1,2008,12819200000
1,2009,12821600000
1,2010,12824000000
1,2011,12826400000
1,2012,12828800000
1,2013,12831200000
1,2014,12833600000
1,2015,12836000000
1,2016,12838400000
1,2017,12840800000
1,2018,12843200000
1,2019,12845600000
1,2020,12848000000
1,2021,12850400000
1,2022,12852800000
1,2023,12855200000
1,2024,12857600000
1,2025,12860000000
1,2026,12862400000
1,2027,12864800000
1,2028,12867200000
1,2029,12869600000
1,2030,12872000000
1,2031,12874400000
1,2032,12876800000
1,2033,12879200000
1,2034,12881600000
1,2035,12884000000
1,2036,12886400000
1,2037,12888800000
1,2038,12891200000
1,2039,12893600000
1,2040,12896000000
1,2041,12898400000
1,2042,12900800000
1,2043,12903200000
1,2044,12905600000
1,2045,12908000000
1,2046,12910400000
1,2047,12912800000
1,2048,12915200000
1,2049,12917600000
1,2050,12920000000
1,2051,12922400000
1,2052,12924800000
1,2053,12927200000
1,2054,12929600000
1,2055,12932000000
1,2056,12934400000
1,2057,12936800000
1,2058,12939200000
1,2059,12941600000
1,2060,12944000000
1,2061,12946400000
1,2062,12948800000
1,2063,12951200000
1,2064,12953600000
1,2065,12956000000
1,2066,12958400000
1,2067,12960800000
1,2068,12963200000
1,2069,12965600000
1,2070,12968000000
1,2071,12970400000
1,2072,12972800000
1,2073,12975200000
1,2074,12977600000
1,2075,12980000000
1,2076,12982400000
1,2077,12984800000
1,2078,12987200000
1,2079,12989600000
1,2080,12992000000
1,2081,12994400000
1,2082,12996800000
1,2083,12999200000
1,2084,13001600000
1,2085,13004000000
1,2086,13006400000
1,2087,13008800000
1,2088,13011200000
1,2089,13013600000
1,2090,13016000000
1,2091,13018400000
1,2092,13020800000
1,2093,13023200000
1,2094,13025600000
1,2095,13028000000
1,2096,13030400000
1,2097,13032800000
1,2098,13035200000
1,2099,13037600000
1,2100,13040000000
1,2101,13042400000
1,2102,13044800000
1,2103,13047200000
1,2104,13049600000
1,2105,13052000000
1,2106,13054400000
1,2107,13056800000
1,2108,13059200000
1,2109,13061600000
1,2110,13064000000
1,2111,13066400000
1,2112,13068800000
1,2113,13071200000
1,2114,13073600000
1,2115,13076000000
1,2116,13078400000
1,2117,13080800000
1,2118,13083200000
1,2119,13085600000
1,2120,13088000000
1,2121,13090400000
1,2122,13092800000
1,2123,13095200000
1,2124,13097600000
1,2125,13100000000
1,2126,13102400000
1,2127,13104800000
1,2128,13107200000
1,2129,13109600000
1,2130,13112000000
1,2131,13114400000
1,2132,13116800000
1,2133,13119200000
1,2134,13121600000
1,2135,13124000000
1,2136,13126400000
1,2137,13128800000
1,2138,13131200000
1,2139,13133600000
1,2140,13136000000
1,2141,13138400000
1,2142,13140800000
1,2143,13143200000
1,2144,13145600000
1,2145,13148000000
1,2146,13150400000
1,2147,13152800000
1,2148,13155200000
1,2149,13157600000
1,2150,13160000000
1,2151,13162400000
1,2152,13164800000
1,2153,13167200000
1,2154,13169600000
1,2155,13172000000
1,2156,13174400000
1,2157,13176800000
1,2158,13179200000
1,2159,13181600000
1,2160,13184000000
1,2161,13186400000
1,2162,13188800000
1,2163,13191200000
1,2164,13193600000
1,2165,13196000000
1,2166,13198400000
1,2167,13200800000
1,2168,13203200000
1,2169,13205600000
1,2170,13208000000
1,2171,13210400000
1,2172,13212800000
1,2173,13215200000
1,2174,13217600000
1,2175,13220000000
1,2176,13222400000
1,2177,13224800000
1,2178,13227200000
1,2179,13229600000
1,2180,13232000000
1,2181,13234400000
1,2182,13236800000
1,2183,13239200000
1,2184,13241600000
1,2185,13244000000
1,2186,13246400000
1,2187,13248800000
1,2188,13251200000
1,2189,13253600000
1,2190,13256000000
1,2191,13258400000
1,2192,13260800000
1,2193,13263200000
1,2194,13265600000
1,2195,13268000000
1,2196,13270400000
1,2197,13272800000
1,2198,13275200000
1,2199,13277600000
1,2200,13280000000
1,2201,13282400000
1,2202,13284800000
1,2203,13287200000
1,2204,13289600000
1,2205,13292000000
1,2206,13294400000
1,2207,13296800000
1,2208,13299200000
1,2209,13301600000
1,2210,13304000000
1,2211,13306400000
1,2212,13308800000
1,2213,13311200000
1,2214,13313600000
1,2215,13316000000
1,2216,13318400000
1,2217,13320800000
1,2218,13323200000
1,2219,13325600000
1,2220,13328000000
1,2221,13330400000
1,2222,13332800000
1,2223,13335200000
1,2224,13337600000
1,2225,13340000000
1,2226,13342400000
1,2227,13344800000
1,2228,13347200000
1,2229,13349600000
1,2230,13352000000
1,2231,13354400000
1,2232,13356800000
1,2233,13359200000
1,2234,13361600000
1,2235,13364000000
1,2236,13366400000
1,2237,13368800000
1,2238,13371200000
1,2239,13373600000
1,2240,13376000000
1,2241,13378400000
1,2242,13380800000
1,2243,13383200000
1,2244,13385600000
1,2245,13388000000
1,2246,13390400000
1,2247,13392800000
1,2248,13395200000
1,2249,13397600000
1,2250,13400000000
1,2251,13402400000
1,2252,13404800000
1,2253,13407200000
1,2254,13409600000
1,2255,13412000000
1,2256,13414400000
1,2257,13416800000
1,2258,13419200000
1,2259,13421600000
1,2260,13424000000
1,2261,13426400000
1,2262,13428800000
1,2263,13431200000
1,2264,13433600000
1,2265,13436000000
1,2266,13438400000
1,2267,13440800000
1,2268,13443200000
1,2269,13445600000
1,2270,13448000000
1,2271,13450400000
1,2272,13452800000
1,2273,13455200000
1,2274,13457600000
1,2275,13460000000
1,2276,13462400000
1,2277,13464800000
1,2278,13467200000
1,2279,13469600000
1,2280,13472000000
1,2281,13474400000
1,2282,13476800000
1,2283,13479200000
1,2284,13481600000
1,2285,13484000000
1,2286,13486400000
1,2287,13488800000
1,2288,13491200000
1,2289,13493600000
1,2290,13496000000
1,2291,13498400000
1,2292,13500800000
1,2293,13503200000
1,2294,13505600000
1,2295,13508000000
1,2296,13510400000
1,2297,13512800000
1,2298,13515200000
1,2299,13517600000
1,2300,13520000000
1,2301,13522400000
1,2302,13524800000
1,2303,13527200000
1,2304,13529600000
1,2305,13532000000
1,2306,13534400000
1,2307,13536800000
1,2308,13539200000
1,2309,13541600000
1,2310,13544000000
1,2311,13546400000
1,2312,13548800000
1,2313,13551200000
1,2314,13553600000
1,2315,13556000000
1,2316,13558400000
1,2317,13560800000
1,2318,13563200000
1,2319,13565600000
1,2320,13568000000
1,2321,13570400000
1,2322,13572800000
1,2323,13575200000
1,2324,13577600000
1,2325,13580000000
1,2326,13582400000
1,2327,13584800000
1,2328,13587200000
1,2329,13589600000
1,2330,13592000000
1,2331,13594400000
1,2332,13596800000
1,2333,13599200000
1,2334,13601600000
1,2335,13604000000
1,2336,13606400000
1,2337,13608800000
1,2338,13611200000
1,2339,13613600000
1,2340,13616000000
1,2341,13618400000
1,2342,13620800000
1,2343,13623200000
1,2344,13625600000
1,2345,13628000000
1,2346,13630400000
1,2347,13632800000
1,2348,13635200000
1,2349,13637600000
1,2350,13640000000
1,2351,13642400000
1,2352,13644800000
1,2353,13647200000
1,2354,13649600000
1,2355,13652000000
1,2356,13654400000
1,2357,13656800000
1,2358,13659200000
1,2359,13661600000
1,2360,13664000000
1,2361,13666400000
1,2362,13668800000
1,2363,13671200000
1,2364,13673600000
1,2365,13676000000
1,2366,13678400000
1,2367,13680800000
1,2368,13683200000
1,2369,13685600000
1,2370,13688000000
1,2371,13690400000
1,2372,13692800000
1,2373,13695200000
1,2374,13697600000
1,2375,13700000000
1,2376,13702400000
1,2377,13704800000
1,2378,13707200000
1,2379,13709600000
1,2380,13712000000
1,2381,13714400000
1,2382,13716800000
1,2383,13719200000
1,2384,13721600000
1,2385,13724000000
1,2386,13726400000
1,2387,13728800000
1,2388,13731200000
1,2389,13733600000
1,2390,13736000000
1,2391,13738400000
1,2392,13740800000
1,2393,13743200000
1,2394,13745600000
1,2395,13748000000
1,2396,13750400000
1,2397,13752800000
1,2398,13755200000
1,2399,13757600000
1,2400,13760000000
1,2401,13762400000
1,2402,13764800000
1,2403,13767200000
1,2404,13769600000
1,2405,13772000000
1,2406,13774400000
1,2407,13776800000
1,2408,13779200000
1,2409,13781600000
1,2410,13784000000
1,2411,13786400000
1,2412,13788800000
1,2413,13791200000
1,2414,13793600000
1,2415,13796000000
1,2416,13798400000
1,2417,13800800000
1,2418,13803200000
1,2419,13805600000
1,2420,13808000000
1,2421,13810400000
1,2422,13812800000
1,2423,13815200000
1,2424,13817600000
1,2425,13820000000
1,2426,13822400000
1,2427,13824800000
1,2428,13827200000
1,2429,13829600000
1,2430,13832000000
1,2431,13834400000
1,2432,13836800000
1,2433,13839200000
1,2434,13841600000
1,2435,13844000000
1,2436,13846400000
1,2437,13848800000
1,2438,13851200000
1,2439,13853600000
1,2440,13856000000
1,2441,13858400000
1,2442,13860800000
1,2443,13863200000
1,2444,13865600000
1,2445,13868000000
1,2446,13870400000
1,2447,13872800000
1,2448,13875200000
1,2449,13877600000
1,2450,13880000000
1,2451,13882400000
1,2452,13884800000
1,2453,13887200000
1,2454,13889600000
1,2455,13892000000
1,2456,13894400000
1,2457,13896800000
1,2458,13899200000
1,2459,13901600000
1,2460,13904000000
1,2461,13906400000
1,2462,13908800000
1,2463,13911200000
1,2464,13913600000
1,2465,13916000000
1,2466,13918400000
1,2467,13920800000
1,2468,13923200000
1,2469,13925600000
1,2470,13928000000
1,2471,13930400000
1,2472,13932800000
1,2473,13935200000
1,2474,13937600000
1,2475,13940000000
1,2476,13942400000
1,2477,13944800000
1,2478,13947200000
1,2479,13949600000
1,2480,13952000000
1,2481,13954400000
1,2482,13956800000
1,2483,13959200000
1,2484,13961600000
1,2485,13964000000
1,2486,13966400000
1,2487,13968800000
1,2488,13971200000
1,2489,13973600000
1,2490,13976000000
1,2491,13978400000
1,2492,13980800000
1,2493,13983200000
1,2494,13985600000
1,2495,13988000000
1,2496,13990400000
1,2497,13992800000
1,2498,13995200000
1,2499,13997600000
1,2500,14000000000
1,2501,14002400000
1,2502,14004800000
1,2503,14007200000
1,2504,14009600000
1,2505,14012000000
1,2506,14014400000
1,2507,14016800000
1,2508,14019200000
1,2509,14021600000
1,2510,14024000000
1,2511,14026400000
1,2512,14028800000
1,2513,14031200000
1,2514,14033600000
1,2515,14036000000
1,2516,14038400000
1,2517,14040800000
1,2518,14043200000
1,2519,14045600000
1,2520,14048000000
1,2521,14050400000
1,2522,14052800000
1,2523,14055200000
1,2524,14057600000
1,2525,14060000000
1,2526,14062400000
1,2527,14064800000
1,2528,14067200000
1,2529,14069600000
1,2530,14072000000
1,2531,14074400000
1,2532,14076800000
1,2533,14079200000
1,2534,14081600000
1,2535,14084000000
1,2536,14086400000
1,2537,14088800000
1,2538,14091200000
1,2539,14093600000
1,2540,14096000000
1,2541,14098400000
1,2542,14100800000
1,2543,14103200000
1,2544,14105600000
1,2545,14108000000
1,2546,14110400000
1,2547,14112800000
1,2548,14115200000
1,2549,14117600000
1,2550,14120000000
1,2551,14122400000
1,2552,14124800000
1,2553,14127200000
1,2554,14129600000
1,2555,14132000000
1,2556,14134400000
1,2557,14136800000
1,2558,14139200000
1,2559,14141600000
1,2560,14144000000
1,2561,14146400000
1,2562,14148800000
1,2563,14151200000
1,2564,14153600000
1,2565,14156000000
1,2566,14158400000
1,2567,14160800000
1,2568,14163200000
1,2569,14165600000
1,2570,14168000000
1,2571,14170400000
1,2572,14172800000
1,2573,14175200000
1,2574,14177600000
1,2575,14180000000
1,2576,14182400000
1,2577,14184800000
1,2578,14187200000
1,2579,14189600000
1,2580,14192000000
1,2581,14194400000
1,2582,14196800000
1,2583,14199200000
1,2584,14201600000
1,2585,14204000000
1,2586,14206400000
1,2587,14208800000
1,2588,14211200000
1,2589,14213600000
1,2590,14216000000
1,2591,14218400000
1,2592,14220800000
1,2593,14223200000
1,2594,14225600000
1,2595,14228000000
1,2596,14230400000
1,2597,14232800000
1,2598,14235200000
1,2599,14237600000
1,2600,14240000000
1,2601,14242400000
1,2602,14244800000
1,2603,14247200000
1,2604,14249600000
1,2605,14252000000
1,2606,14254400000
1,2607,14256800000
1,2608,14259200000
1,2609,14261600000
1,2610,14264000000
1,2611,14266400000
1,2612,14268800000
1,2613,14271200000
1,2614,14273600000
1,2615,14276000000
1,2616,14278400000
1,2617,14280800000
1,2618,14283200000
1,2619,14285600000
1,2620,14288000000
1,2621,14290400000
1,2622,14292800000
1,2623,14295200000
1,2624,14297600000
1,2625,14300000000
1,2626,14302400000
1,2627,14304800000
1,2628,14307200000
1,2629,14309600000
1,2630,14312000000
1,2631,14314400000
1,2632,14316800000
1,2633,14319200000
1,2634,14321600000
1,2635,14324000000
1,2636,14326400000
1,2637,14328800000
1,2638,14331200000
1,2639,14333600000
1,2640,14336000000
1,2641,14338400000
1,2642,14340800000
1,2643,14343200000
1,2644,14345600000
1,2645,14348000000
1,2646,14350400000
1,2647,14352800000
1,2648,14355200000
1,2649,14357600000
1,2650,14360000000
1,2651,14362400000
1,2652,14364800000
1,2653,14367200000
1,2654,14369600000
1,2655,14372000000
1,2656,14374400000
1,2657,14376800000
1,2658,14379200000
1,2659,14381600000
1,2660,14384000000
1,2661,14386400000
1,2662,14388800000
1,2663,14391200000
1,2664,14393600000
1,2665,14396000000
1,2666,14398400000
1,2667,14400800000
1,2668,14403200000
1,2669,14405600000
1,2670,14408000000
1,2671,14410400000
1,2672,14412800000
1,2673,14415200000
1,2674,14417600000
1,2675,14420000000
1,2676,14422400000
1,2677,14424800000
1,2678,14427200000
1,2679,14429600000
1,2680,14432000000
1,2681,14434400000
1,2682,14436800000
1,2683,14439200000
1,2684,14441600000
1,2685,14444000000
1,2686,14446400000
1,2687,14448800000
1,2688,14451200000
1,2689,14453600000
1,2690,14456000000
1,2691,14458400000
1,2692,14460800000
1,2693,14463200000
1,2694,14465600000
1,2695,14468000000
1,2696,14470400000
1,2697,14472800000
1,2698,14475200000
1,2699,14477600000
1,2700,14480000000
1,2701,14482400000
1,2702,14484800000
1,2703,14487200000
1,2704,14489600000
1,2705,14492000000
1,2706,14494400000
1,2707,14496800000
1,2708,14499200000
1,2709,14501600000
1,2710,14504000000
1,2711,14506400000
1,2712,14508800000
1,2713,14511200000
1,2714,14513600000
1,2715,14516000000
1,2716,14518400000
1,2717,14520800000
1,2718,14523200000
1,2719,14525600000
1,2720,14528000000
1,2721,14530400000
1,2722,14532800000
1,2723,14535200000
1,2724,14537600000
1,2725,14540000000
1,2726,14542400000
1,2727,14544800000
1,2728,14547200000
1,2729,14549600000
1,2730,14552000000
1,2731,14554400000
1,2732,14556800000
1,2733,14559200000
1,2734,14561600000
1,2735,14564000000
1,2736,14566400000
1,2737,14568800000
1,2738,14571200000
1,2739,14573600000
1,2740,14576000000
1,2741,14578400000
1,2742,14580800000
1,2743,14583200000
1,2744,14585600000
1,2745,14588000000
1,2746,14590400000
1,2747,14592800000
1,2748,14595200000
1,2749,14597600000
1,2750,14600000000
1,2751,14602400000
1,2752,14604800000
1,2753,14607200000
1,2754,14609600000
1,2755,14612000000
1,2756,14614400000
1,2757,14616800000
1,2758,14619200000
1,2759,14621600000
1,2760,14624000000
1,2761,14626400000
1,2762,14628800000
1,2763,14631200000
1,2764,14633600000
1,2765,14636000000
1,2766,14638400000
1,2767,14640800000
1,2768,14643200000
1,2769,14645600000
1,2770,14648000000
1,2771,14650400000
1,2772,14652800000
1,2773,14655200000
1,2774,14657600000
1,2775,14660000000
1,2776,14662400000
1,2777,14664800000
1,2778,14667200000
1,2779,14669600000
1,2780,14672000000
1,2781,14674400000
1,2782,14676800000
1,2783,14679200000
1,2784,14681600000
1,2785,14684000000
1,2786,14686400000
1,2787,14688800000
1,2788,14691200000
1,2789,14693600000
1,2790,14696000000
1,2791,14698400000
1,2792,14700800000
1,2793,14703200000
1,2794,14705600000
1,2795,14708000000
1,2796,14710400000
1,2797,14712800000
1,2798,14715200000
1,2799,14717600000
1,2800,14720000000
1,2801,14722400000
1,2802,14724800000
1,2803,14727200000
1,2804,14729600000
1,2805,14732000000
1,2806,14734400000
1,2807,14736800000
1,2808,14739200000
1,2809,14741600000
1,2810,14744000000
1,2811,14746400000
1,2812,14748800000
1,2813,14751200000
1,2814,14753600000
1,2815,14756000000
1,2816,14758400000
1,2817,14760800000
1,2818,14763200000
1,2819,14765600000
1,2820,14768000000
1,2821,14770400000
1,2822,14772800000
1,2823,14775200000
1,2824,14777600000
1,2825,14780000000
1,2826,14782400000
1,2827,14784800000
1,2828,14787200000
1,2829,14789600000
1,2830,14792000000
1,2831,14794400000
1,2832,14796800000
1,2833,14799200000
1,2834,14801600000
1,2835,14804000000
1,2836,14806400000
1,2837,14808800000
1,2838,14811200000
1,2839,14813600000
1,2840,14816000000
1,2841,14818400000
1,2842,14820800000
1,2843,14823200000
1,2844,14825600000
1,2845,14828000000
1,2846,14830400000
1,2847,14832800000
1,2848,14835200000
1,2849,14837600000
1,2850,14840000000
1,2851,14842400000
1,2852,14844800000
1,2853,14847200000
1,2854,14849600000
1,2855,14852000000
1,2856,14854400000
1,2857,14856800000
1,2858,14859200000
1,2859,14861600000
1,2860,14864000000
1,2861,14866400000
1,2862,14868800000
1,2863,14871200000
1,2864,14873600000
1,2865,14876000000
1,2866,14878400000
1,2867,14880800000
1,2868,14883200000
1,2869,14885600000
1,2870,14888000000
1,2871,14890400000
1,2872,14892800000
1,2873,14895200000
1,2874,14897600000
1,2875,14900000000
1,2876,14902400000
1,2877,14904800000
1,2878,14907200000
1,2879,14909600000
1,2880,14912000000
1,2881,14914400000
1,2882,14916800000
1,2883,14919200000
1,2884,14921600000
1,2885,14924000000
1,2886,14926400000
1,2887,14928800000
1,2888,14931200000
1,2889,14933600000
1,2890,14936000000
1,2891,14938400000
1,2892,14940800000
1,2893,14943200000
1,2894,14945600000
1,2895,14948000000
1,2896,14950400000
1,2897,14952800000
1,2898,14955200000
1,2899,14957600000
1,2900,14960000000
1,2901,14962400000
1,2902,14964800000
1,2903,14967200000
1,2904,14969600000
1,2905,14972000000
1,2906,14974400000
1,2907,14976800000
1,2908,14979200000
1,2909,14981600000
1,2910,14984000000
1,2911,14986400000
1,2912,14988800000
1,2913,14991200000
1,2914,14993600000
1,2915,14996000000
1,2916,14998400000
1,2917,15000800000
1,2918,15003200000
1,2919,15005600000
1,2920,15008000000
1,2921,15010400000
1,2922,15012800000
1,2923,15015200000
1,2924,15017600000
1,2925,15020000000
1,2926,15022400000
1,2927,15024800000
1,2928,15027200000
1,2929,15029600000
1,2930,15032000000
1,2931,15034400000
1,2932,15036800000
1,2933,15039200000
1,2934,15041600000
1,2935,15044000000
1,2936,15046400000
1,2937,15048800000
1,2938,15051200000
1,2939,15053600000
1,2940,15056000000
1,2941,15058400000
1,2942,15060800000
1,2943,15063200000
1,2944,15065600000
1,2945,15068000000
1,2946,15070400000
1,2947,15072800000
1,2948,15075200000
1,2949,15077600000
1,2950,15080000000
1,2951,15082400000
1,2952,15084800000
1,2953,15087200000
1,2954,15089600000
1,2955,15092000000
1,2956,15094400000
1,2957,15096800000
1,2958,15099200000
1,2959,15101600000
1,2960,15104000000
1,2961,15106400000
1,2962,15108800000
1,2963,15111200000
1,2964,15113600000
1,2965,15116000000
1,2966,15118400000
1,2967,15120800000
1,2968,15123200000
1,2969,15125600000
1,2970,15128000000
1,2971,15130400000
1,2972,15132800000
1,2973,15135200000
1,2974,15137600000
1,2975,15140000000
1,2976,15142400000
1,2977,15144800000
1,2978,15147200000
1,2979,15149600000
1,2980,15152000000
1,2981,15154400000
1,2982,15156800000
1,2983,15159200000
1,2984,15161600000
1,2985,15164000000
1,2986,15166400000
1,2987,15168800000
1,2988,15171200000
1,2989,15173600000
1,2990,15176000000
1,2991,15178400000
1,2992,15180800000
1,2993,15183200000
1,2994,15185600000
1,2995,15188000000
1,2996,15190400000
1,2997,15192800000
1,2998,15195200000
1,2999,15197600000
1,3000,15200000000
1,3001,15202400000
1,3002,15204800000
1,3003,15207200000
1,3004,15209600000
1,3005,15212000000
1,3006,15214400000
1,3007,15216800000
1,3008,15219200000
1,3009,15221600000
1,3010,15224000000
1,3011,15226400000
1,3012,15228800000
1,3013,15231200000
1,3014,15233600000
1,3015,15236000000
1,3016,15238400000
1,3017,15240800000
1,3018,15243200000
1,3019,15245600000
1,3020,15248000000
1,3021,15250400000
1,3022,15252800000
1,3023,15255200000
1,3024,15257600000
1,3025,15260000000
1,3026,15262400000
1,3027,15264800000
1,3028,15267200000
1,3029,15269600000
1,3030,15272000000
1,3031,15274400000
1,3032,15276800000
1,3033,15279200000
1,3034,15281600000
1,3035,15284000000
1,3036,15286400000
1,3037,15288800000
1,3038,15291200000
1,3039,15293600000
1,3040,15296000000
1,3041,15298400000
1,3042,15300800000
1,3043,15303200000
1,3044,15305600000
1,3045,15308000000
1,3046,15310400000
1,3047,15312800000
1,3048,15315200000
1,3049,15317600000
1,3050,15320000000
1,3051,15322400000
1,3052,15324800000
1,3053,15327200000
1,3054,15329600000
1,3055,15332000000
1,3056,15334400000
1,3057,15336800000
1,3058,15339200000
1,3059,15341600000
1,3060,15344000000
1,3061,15346400000
1,3062,15348800000
1,3063,15351200000
1,3064,15353600000
1,3065,15356000000
1,3066,15358400000
1,3067,15360800000
1,3068,15363200000
1,3069,15365600000
1,3070,15368000000
1,3071,15370400000
1,3072,15372800000
1,3073,15375200000
1,3074,15377600000
1,3075,15380000000
1,3076,15382400000
1,3077,15384800000
1,3078,15387200000
1,3079,15389600000
1,3080,15392000000
1,3081,15394400000
1,3082,15396800000
1,3083,15399200000
1,3084,15401600000
1,3085,15404000000
1,3086,15406400000
1,3087,15408800000
1,3088,15411200000
1,3089,15413600000
1,3090,15416000000
1,3091,15418400000
1,3092,15420800000
1,3093,15423200000
1,3094,15425600000
1,3095,15428000000
1,3096,15430400000
1,3097,15432800000
1,3098,15435200000
1,3099,15437600000
1,3100,15440000000
1,3101,15442400000
1,3102,15444800000
1,3103,15447200000
1,3104,15449600000
1,3105,15452000000
1,3106,15454400000
1,3107,15456800000
1,3108,15459200000
1,3109,15461600000
1,3110,15464000000
1,3111,15466400000
1,3112,15468800000
1,3113,15471200000
1,3114,15473600000
1,3115,15476000000
1,3116,15478400000
1,3117,15480800000
1,3118,15483200000
1,3119,15485600000
1,3120,15488000000
1,3121,15490400000
1,3122,15492800000
1,3123,15495200000
1,3124,15497600000
1,3125,15500000000
1,3126,15502400000
1,3127,15504800000
1,3128,15507200000
1,3129,15509600000
1,3130,15512000000
1,3131,15514400000
1,3132,15516800000
1,3133,15519200000
1,3134,15521600000
1,3135,15524000000
1,3136,15526400000
1,3137,15528800000
1,3138,15531200000
1,3139,15533600000
1,3140,15536000000
1,3141,15538400000
1,3142,15540800000
1,3143,15543200000
1,3144,15545600000
1,3145,15548000000
1,3146,15550400000
1,3147,15552800000
1,3148,15555200000
1,3149,15557600000
1,3150,15560000000
1,3151,15562400000
1,3152,15564800000
1,3153,15567200000
1,3154,15569600000
1,3155,15572000000
1,3156,15574400000
1,3157,15576800000
1,3158,15579200000
1,3159,15581600000
1,3160,15584000000
1,3161,15586400000
1,3162,15588800000
1,3163,15591200000
1,3164,15593600000
1,3165,15596000000
1,3166,15598400000
1,3167,15600800000
1,3168,15603200000
1,3169,15605600000
1,3170,15608000000
1,3171,15610400000
1,3172,15612800000
1,3173,15615200000
1,3174,15617600000
1,3175,15620000000
1,3176,15622400000
1,3177,15624800000
1,3178,15627200000
1,3179,15629600000
1,3180,15632000000
1,3181,15634400000
1,3182,15636800000
1,3183,15639200000
1,3184,15641600000
1,3185,15644000000
1,3186,15646400000
1,3187,15648800000
1,3188,15651200000
1,3189,15653600000
1,3190,15656000000
1,3191,15658400000
1,3192,15660800000
1,3193,15663200000
1,3194,15665600000
1,3195,15668000000
1,3196,15670400000
1,3197,15672800000
1,3198,15675200000
1,3199,15677600000
1,3200,15680000000
1,3201,15682400000
1,3202,15684800000
1,3203,15687200000
1,3204,15689600000
1,3205,15692000000
1,3206,15694400000
1,3207,15696800000
1,3208,15699200000
1,3209,15701600000
1,3210,15704000000
1,3211,15706400000
1,3212,15708800000
1,3213,15711200000
1,3214,15713600000
1,3215,15716000000
1,3216,15718400000
1,3217,15720800000
1,3218,15723200000
1,3219,15725600000
1,3220,15728000000
1,3221,15730400000
1,3222,15732800000
1,3223,15735200000
1,3224,15737600000
1,3225,15740000000
1,3226,15742400000
1,3227,15744800000
1,3228,15747200000
1,3229,15749600000
1,3230,15752000000
1,3231,15754400000
1,3232,15756800000
1,3233,15759200000
1,3234,15761600000
1,3235,15764000000
1,3236,15766400000
1,3237,15768800000
1,3238,15771200000
1,3239,15773600000
1,3240,15776000000
1,3241,15778400000
1,3242,15780800000
1,3243,15783200000
1,3244,15785600000
1,3245,15788000000
1,3246,15790400000
1,3247,15792800000
1,3248,15795200000
1,3249,15797600000
1,3250,15800000000
1,3251,15802400000
1,3252,15804800000
1,3253,15807200000
1,3254,15809600000
1,3255,15812000000
1,3256,15814400000
1,3257,15816800000
1,3258,15819200000
1,3259,15821600000
1,3260,15824000000
1,3261,15826400000
1,3262,15828800000
1,3263,15831200000
1,3264,15833600000
1,3265,15836000000
1,3266,15838400000
1,3267,15840800000
1,3268,15843200000
1,3269,15845600000
1,3270,15848000000
1,3271,15850400000
1,3272,15852800000
1,3273,15855200000
1,3274,15857600000
1,3275,15860000000
1,3276,15862400000
1,3277,15864800000
1,3278,15867200000
1,3279,15869600000
1,3280,15872000000
1,3281,15874400000
1,3282,15876800000
1,3283,15879200000
1,3284,15881600000
1,3285,15884000000
1,3286,15886400000
1,3287,15888800000
1,3288,15891200000
1,3289,15893600000
1,3290,15896000000
1,3291,15898400000
1,3292,15900800000
1,3293,15903200000
1,3294,15905600000
1,3295,15908000000
1,3296,15910400000
1,3297,15912800000
1,3298,15915200000
1,3299,15917600000
1,3300,15920000000
1,3301,15922400000
1,3302,15924800000
1,3303,15927200000
1,3304,15929600000
1,3305,15932000000
1,3306,15934400000
1,3307,15936800000
1,3308,15939200000
1,3309,15941600000
1,3310,15944000000
1,3311,15946400000
1,3312,15948800000
1,3313,15951200000
1,3314,15953600000
1,3315,15956000000
1,3316,15958400000
1,3317,15960800000
1,3318,15963200000
1,3319,15965600000
1,3320,15968000000
1,3321,15970400000
1,3322,15972800000
1,3323,15975200000
1,3324,15977600000
1,3325,15980000000
1,3326,15982400000
1,3327,15984800000
1,3328,15987200000
1,3329,15989600000
1,3330,15992000000
1,3331,15994400000
1,3332,15996800000
1,3333,15999200000
1,3334,16001600000
1,3335,16004000000
1,3336,16006400000
1,3337,16008800000
1,3338,16011200000
1,3339,16013600000
1,3340,16016000000
1,3341,16018400000
1,3342,16020800000
1,3343,16023200000
1,3344,16025600000
1,3345,16028000000
1,3346,16030400000
1,3347,16032800000
1,3348,16035200000
1,3349,16037600000
1,3350,16040000000
1,3351,16042400000
1,3352,16044800000
1,3353,16047200000
1,3354,16049600000
1,3355,16052000000
1,3356,16054400000
1,3357,16056800000
1,3358,16059200000
1,3359,16061600000
1,3360,16064000000
1,3361,16066400000
1,3362,16068800000
1,3363,16071200000
1,3364,16073600000
1,3365,16076000000
1,3366,16078400000
1,3367,16080800000
1,3368,16083200000
1,3369,16085600000
1,3370,16088000000
1,3371,16090400000
1,3372,16092800000
1,3373,16095200000
1,3374,16097600000
1,3375,16100000000
1,3376,16102400000
1,3377,16104800000
1,3378,16107200000
1,3379,16109600000
1,3380,16112000000
1,3381,16114400000
1,3382,16116800000
1,3383,16119200000
1,3384,16121600000
1,3385,16124000000
1,3386,16126400000
1,3387,16128800000
1,3388,16131200000
1,3389,16133600000
1,3390,16136000000
1,3391,16138400000
1,3392,16140800000
1,3393,16143200000
1,3394,16145600000
1,3395,16148000000
1,3396,16150400000
1,3397,16152800000
1,3398,16155200000
1,3399,16157600000
1,3400,16160000000
1,3401,16162400000
1,3402,16164800000
1,3403,16167200000
1,3404,16169600000
1,3405,16172000000
1,3406,16174400000
1,3407,16176800000
1,3408,16179200000
1,3409,16181600000
1,3410,16184000000
1,3411,16186400000
1,3412,16188800000
1,3413,16191200000
1,3414,16193600000
1,3415,16196000000
1,3416,16198400000
1,3417,16200800000
1,3418,16203200000
1,3419,16205600000
1,3420,16208000000
1,3421,16210400000
1,3422,16212800000
1,3423,16215200000
1,3424,16217600000
1,3425,16220000000
1,3426,16222400000
1,3427,16224800000
1,3428,16227200000
1,3429,16229600000
1,3430,16232000000
1,3431,16234400000
1,3432,16236800000
1,3433,16239200000
1,3434,16241600000
1,3435,16244000000
1,3436,16246400000
1,3437,16248800000
1,3438,16251200000
1,3439,16253600000
1,3440,16256000000
1,3441,16258400000
1,3442,16260800000
1,3443,16263200000
1,3444,16265600000
1,3445,16268000000
1,3446,16270400000
1,3447,16272800000
1,3448,16275200000
1,3449,16277600000
1,3450,16280000000
1,3451,16282400000
1,3452,16284800000
1,3453,16287200000
1,3454,16289600000
1,3455,16292000000
1,3456,16294400000
1,3457,16296800000
1,3458,16299200000
1,3459,16301600000
1,3460,16304000000
1,3461,16306400000
1,3462,16308800000
1,3463,16311200000
1,3464,16313600000
1,3465,16316000000
1,3466,16318400000
1,3467,16320800000
1,3468,16323200000
1,3469,16325600000
1,3470,16328000000
1,3471,16330400000
1,3472,16332800000
1,3473,16335200000
1,3474,16337600000
1,3475,16340000000
1,3476,16342400000
1,3477,16344800000
1,3478,16347200000
1,3479,16349600000
1,3480,16352000000
1,3481,16354400000
1,3482,16356800000
1,3483,16359200000
1,3484,16361600000
1,3485,16364000000
1,3486,16366400000
1,3487,16368800000
1,3488,16371200000
1,3489,16373600000
1,3490,16376000000
1,3491,16378400000
1,3492,16380800000
1,3493,16383200000
1,3494,16385600000
1,3495,16388000000
1,3496,16390400000
1,3497,16392800000
1,3498,16395200000
1,3499,16397600000
1,3500,16400000000
1,3501,16402400000
1,3502,16404800000
1,3503,16407200000
1,3504,16409600000
1,3505,16412000000
1,3506,16414400000
1,3507,16416800000
1,3508,16419200000
1,3509,16421600000
1,3510,16424000000
1,3511,16426400000
1,3512,16428800000
1,3513,16431200000
1,3514,16433600000
1,3515,16436000000
1,3516,16438400000
1,3517,16440800000
1,3518,16443200000
1,3519,16445600000
1,3520,16448000000
1,3521,16450400000
1,3522,16452800000
1,3523,16455200000
1,3524,16457600000
1,3525,16460000000
1,3526,16462400000
1,3527,16464800000
1,3528,16467200000
1,3529,16469600000
1,3530,16472000000
1,3531,16474400000
1,3532,16476800000
1,3533,16479200000
1,3534,16481600000
1,3535,16484000000
1,3536,16486400000
1,3537,16488800000
1,3538,16491200000
1,3539,16493600000
1,3540,16496000000
1,3541,16498400000
1,3542,16500800000
1,3543,16503200000
1,3544,16505600000
1,3545,16508000000
1,3546,16510400000
1,3547,16512800000
1,3548,16515200000
1,3549,16517600000
1,3550,16520000000
1,3551,16522400000
1,3552,16524800000
1,3553,16527200000
1,3554,16529600000
1,3555,16532000000
1,3556,16534400000
1,3557,16536800000
1,3558,16539200000
1,3559,16541600000
1,3560,16544000000
1,3561,16546400000
1,3562,16548800000
1,3563,16551200000
1,3564,16553600000
1,3565,16556000000
1,3566,16558400000
1,3567,16560800000
1,3568,16563200000
1,3569,16565600000
1,3570,16568000000
1,3571,16570400000
1,3572,16572800000
1,3573,16575200000
1,3574,16577600000
1,3575,16580000000
1,3576,16582400000
1,3577,16584800000
1,3578,16587200000
1,3579,16589600000
1,3580,16592000000
1,3581,16594400000
1,3582,16596800000
1,3583,16599200000
1,3584,16601600000
1,3585,16604000000
1,3586,16606400000
1,3587,16608800000
1,3588,16611200000
1,3589,16613600000
1,3590,16616000000
1,3591,16618400000
1,3592,16620800000
1,3593,16623200000
1,3594,16625600000
1,3595,16628000000
1,3596,16630400000
1,3597,16632800000
1,3598,16635200000
1,3599,16637600000
1,3600,16640000000
1,3601,16642400000
1,3602,16644800000
1,3603,16647200000
1,3604,16649600000
1,3605,16652000000
1,3606,16654400000
1,3607,16656800000
1,3608,16659200000
1,3609,16661600000
1,3610,16664000000
1,3611,16666400000
1,3612,16668800000
1,3613,16671200000
1,3614,16673600000
1,3615,16676000000
1,3616,16678400000
1,3617,16680800000
1,3618,16683200000
1,3619,16685600000
1,3620,16688000000
1,3621,16690400000
1,3622,16692800000
1,3623,16695200000
1,3624,16697600000
1,3625,16700000000
1,3626,16702400000
1,3627,16704800000
1,3628,16707200000
1,3629,16709600000
1,3630,16712000000
1,3631,16714400000
1,3632,16716800000
1,3633,16719200000
1,3634,16721600000
1,3635,16724000000
1,3636,16726400000
1,3637,16728800000
1,3638,16731200000
1,3639,16733600000
1,3640,16736000000
1,3641,16738400000
1,3642,16740800000
1,3643,16743200000
1,3644,16745600000
1,3645,16748000000
1,3646,16750400000
1,3647,16752800000
1,3648,16755200000
1,3649,16757600000
1,3650,16760000000
1,3651,16762400000
1,3652,16764800000
1,3653,16767200000
1,3654,16769600000
1,3655,16772000000
1,3656,16774400000
1,3657,16776800000
1,3658,16779200000
1,3659,16781600000
1,3660,16784000000
1,3661,16786400000
1,3662,16788800000
1,3663,16791200000
1,3664,16793600000
1,3665,16796000000
1,3666,16798400000
1,3667,16800800000
1,3668,16803200000
1,3669,16805600000
1,3670,16808000000
1,3671,16810400000
1,3672,16812800000
1,3673,16815200000
1,3674,16817600000
1,3675,16820000000
1,3676,16822400000
1,3677,16824800000
1,3678,16827200000
1,3679,16829600000
1,3680,16832000000
1,3681,16834400000
1,3682,16836800000
1,3683,16839200000
1,3684,16841600000
1,3685,16844000000
1,3686,16846400000
1,3687,16848800000
1,3688,16851200000
1,3689,16853600000
1,3690,16856000000
1,3691,16858400000
1,3692,16860800000
1,3693,16863200000
1,3694,16865600000
1,3695,16868000000
1,3696,16870400000
1,3697,16872800000
1,3698,16875200000
1,3699,16877600000
1,3700,16880000000
1,3701,16882400000
1,3702,16884800000
1,3703,16887200000
1,3704,16889600000
1,3705,16892000000
1,3706,16894400000
1,3707,16896800000
1,3708,16899200000
1,3709,16901600000
1,3710,16904000000
1,3711,16906400000
1,3712,16908800000
1,3713,16911200000
1,3714,16913600000
1,3715,16916000000
1,3716,16918400000
1,3717,16920800000
1,3718,16923200000
1,3719,16925600000
1,3720,16928000000
1,3721,16930400000
1,3722,16932800000
1,3723,16935200000
1,3724,16937600000
1,3725,16940000000
1,3726,16942400000
1,3727,16944800000
1,3728,16947200000
1,3729,16949600000
1,3730,16952000000
1,3731,16954400000
1,3732,16956800000
1,3733,16959200000
1,3734,16961600000
1,3735,16964000000
1,3736,16966400000
1,3737,16968800000
1,3738,16971200000
1,3739,16973600000
1,3740,16976000000
1,3741,16978400000
1,3742,16980800000
1,3743,16983200000
1,3744,16985600000
1,3745,16988000000
1,3746,16990400000
1,3747,16992800000
1,3748,16995200000
1,3749,16997600000
1,3750,17000000000
1,3751,17002400000
1,3752,17004800000
1,3753,17007200000
1,3754,17009600000
1,3755,17012000000
1,3756,17014400000
1,3757,17016800000
1,3758,17019200000
1,3759,17021600000
1,3760,17024000000
1,3761,17026400000
1,3762,17028800000
1,3763,17031200000
1,3764,17033600000
1,3765,17036000000
1,3766,17038400000
1,3767,17040800000
1,3768,17043200000
1,3769,17045600000
1,3770,17048000000
1,3771,17050400000
1,3772,17052800000
1,3773,17055200000
1,3774,17057600000
1,3775,17060000000
1,3776,17062400000
1,3777,17064800000
1,3778,17067200000
1,3779,17069600000
1,3780,17072000000
1,3781,17074400000
1,3782,17076800000
1,3783,17079200000
1,3784,17081600000
1,3785,17084000000
1,3786,17086400000
1,3787,17088800000
1,3788,17091200000
1,3789,17093600000
1,3790,17096000000
1,3791,17098400000
1,3792,17100800000
1,3793,17103200000
1,3794,17105600000
1,3795,17108000000
1,3796,17110400000
1,3797,17112800000
1,3798,17115200000
1,3799,17117600000
1,3800,17120000000
1,3801,17122400000
1,3802,17124800000
1,3803,17127200000
1,3804,17129600000
1,3805,17132000000
1,3806,17134400000
1,3807,17136800000
1,3808,17139200000
1,3809,17141600000
1,3810,17144000000
1,3811,17146400000
1,3812,17148800000
1,3813,17151200000
1,3814,17153600000
1,3815,17156000000
1,3816,17158400000
1,3817,17160800000
1,3818,17163200000
1,3819,17165600000
1,3820,17168000000
1,3821,17170400000
1,3822,17172800000
1,3823,17175200000
1,3824,17177600000
1,3825,17180000000
1,3826,17182400000
1,3827,17184800000
1,3828,17187200000
1,3829,17189600000
1,3830,17192000000
1,3831,17194400000
1,3832,17196800000
1,3833,17199200000
1,3834,17201600000
1,3835,17204000000
1,3836,17206400000
1,3837,17208800000
1,3838,17211200000
1,3839,17213600000
1,3840,17216000000
1,3841,17218400000
1,3842,17220800000
1,3843,17223200000
1,3844,17225600000
1,3845,17228000000
1,3846,17230400000
1,3847,17232800000
1,3848,17235200000
1,3849,17237600000
1,3850,17240000000
1,3851,17242400000
1,3852,17244800000
1,3853,17247200000
1,3854,17249600000
1,3855,17252000000
1,3856,17254400000
1,3857,17256800000
1,3858,17259200000
1,3859,17261600000
1,3860,17264000000
1,3861,17266400000
1,3862,17268800000
1,3863,17271200000
1,3864,17273600000
1,3865,17276000000
1,3866,17278400000
1,3867,17280800000
1,3868,17283200000
1,3869,17285600000
1,3870,17288000000
1,3871,17290400000
1,3872,17292800000
1,3873,17295200000
1,3874,17297600000
1,3875,17300000000
1,3876,17302400000
1,3877,17304800000
1,3878,17307200000
1,3879,17309600000
1,3880,17312000000
1,3881,17314400000
1,3882,17316800000
1,3883,17319200000
1,3884,17321600000
1,3885,17324000000
1,3886,17326400000
1,3887,17328800000
1,3888,17331200000
1,3889,17333600000
1,3890,17336000000
1,3891,17338400000
1,3892,17340800000
1,3893,17343200000
1,3894,17345600000
1,3895,17348000000
1,3896,17350400000
1,3897,17352800000
1,3898,17355200000
1,3899,17357600000
1,3900,17360000000
1,3901,17362400000
1,3902,17364800000
1,3903,17367200000
1,3904,17369600000
1,3905,17372000000
1,3906,17374400000
1,3907,17376800000
1,3908,17379200000
1,3909,17381600000
1,3910,17384000000
1,3911,17386400000
1,3912,17388800000
1,3913,17391200000
1,3914,17393600000
1,3915,17396000000
1,3916,17398400000
1,3917,17400800000
1,3918,17403200000
1,3919,17405600000
1,3920,17408000000
1,3921,17410400000
1,3922,17412800000
1,3923,17415200000
1,3924,17417600000
1,3925,17420000000
1,3926,17422400000
1,3927,17424800000
1,3928,17427200000
1,3929,17429600000
1,3930,17432000000
1,3931,17434400000
1,3932,17436800000
1,3933,17439200000
1,3934,17441600000
1,3935,17444000000
1,3936,17446400000
1,3937,17448800000
1,3938,17451200000
1,3939,17453600000
1,3940,17456000000
1,3941,17458400000
1,3942,17460800000
1,3943,17463200000
1,3944,17465600000
1,3945,17468000000
1,3946,17470400000
1,3947,17472800000
1,3948,17475200000
1,3949,17477600000
1,3950,17480000000
1,3951,17482400000
1,3952,17484800000
1,3953,17487200000
1,3954,17489600000
1,3955,17492000000
1,3956,17494400000
1,3957,17496800000
1,3958,17499200000
1,3959,17501600000
1,3960,17504000000
1,3961,17506400000
1,3962,17508800000
1,3963,17511200000
1,3964,17513600000
1,3965,17516000000
1,3966,17518400000
1,3967,17520800000
1,3968,17523200000
1,3969,17525600000
1,3970,17528000000
1,3971,17530400000
1,3972,17532800000
1,3973,17535200000
1,3974,17537600000
1,3975,17540000000
1,3976,17542400000
1,3977,17544800000
1,3978,17547200000
1,3979,17549600000
1,3980,17552000000
1,3981,17554400000
1,3982,17556800000
1,3983,17559200000
1,3984,17561600000
1,3985,17564000000
1,3986,17566400000
1,3987,17568800000
1,3988,17571200000
1,3989,17573600000
1,3990,17576000000
1,3991,17578400000
1,3992,17580800000
1,3993,17583200000
1,3994,17585600000
1,3995,17588000000
1,3996,17590400000
1,3997,17592800000
1,3998,17595200000
1,3999,17597600000
1,4000,17600000000
1,4001,17602400000
1,4002,17604800000
1,4003,17607200000
1,4004,17609600000
1,4005,17612000000
1,4006,17614400000
1,4007,17616800000
1,4008,17619200000
1,4009,17621600000
1,4010,17624000000
1,4011,17626400000
1,4012,17628800000
1,4013,17631200000
1,4014,17633600000
1,4015,17636000000
1,4016,17638400000
1,4017,17640800000
1,4018,17643200000
1,4019,17645600000
1,4020,17648000000
1,4021,17650400000
1,4022,17652800000
1,4023,17655200000
1,4024,17657600000
1,4025,17660000000
1,4026,17662400000
1,4027,17664800000
1,4028,17667200000
1,4029,17669600000
1,4030,17672000000
1,4031,17674400000
1,4032,17676800000
1,4033,17679200000
1,4034,17681600000
1,4035,17684000000
1,4036,17686400000
1,4037,17688800000
1,4038,17691200000
1,4039,17693600000
1,4040,17696000000
1,4041,17698400000
1,4042,17700800000
1,4043,17703200000
1,4044,17705600000
1,4045,17708000000
1,4046,17710400000
1,4047,17712800000
1,4048,17715200000
1,4049,17717600000
1,4050,17720000000
1,4051,17722400000
1,4052,17724800000
1,4053,17727200000
1,4054,17729600000
1,4055,17732000000
1,4056,17734400000
1,4057,17736800000
1,4058,17739200000
1,4059,17741600000
1,4060,17744000000
1,4061,17746400000
1,4062,17748800000
1,4063,17751200000
1,4064,17753600000
1,4065,17756000000
1,4066,17758400000
1,4067,17760800000
1,4068,17763200000
1,4069,17765600000
1,4070,17768000000
1,4071,17770400000
1,4072,17772800000
1,4073,17775200000
1,4074,17777600000
1,4075,17780000000
1,4076,17782400000
1,4077,17784800000
1,4078,17787200000
1,4079,17789600000
1,4080,17792000000
1,4081,17794400000
1,4082,17796800000
1,4083,17799200000
1,4084,17801600000
1,4085,17804000000
1,4086,17806400000
1,4087,17808800000
1,4088,17811200000
1,4089,17813600000
1,4090,17816000000
1,4091,17818400000
1,4092,17820800000
1,4093,17823200000
1,4094,17825600000
1,4095,17828000000
1,4096,17830400000
1,4097,17832800000
1,4098,17835200000
1,4099,17837600000
1,4100,17840000000
1,4101,17842400000
1,4102,17844800000
1,4103,17847200000
1,4104,17849600000
1,4105,17852000000
1,4106,17854400000
1,4107,17856800000
1,4108,17859200000
1,4109,17861600000
1,4110,17864000000
1,4111,17866400000
1,4112,17868800000
1,4113,17871200000
1,4114,17873600000
1,4115,17876000000
1,4116,17878400000
1,4117,17880800000
1,4118,17883200000
1,4119,17885600000
1,4120,17888000000
1,4121,17890400000
1,4122,17892800000
1,4123,17895200000
1,4124,17897600000
1,4125,17900000000
1,4126,17902400000
1,4127,17904800000
1,4128,17907200000
1,4129,17909600000
1,4130,17912000000
1,4131,17914400000
1,4132,17916800000
1,4133,17919200000
1,4134,17921600000
1,4135,17924000000
1,4136,17926400000
1,4137,17928800000
1,4138,17931200000
1,4139,17933600000
1,4140,17936000000
1,4141,17938400000
1,4142,17940800000
1,4143,17943200000
1,4144,17945600000
1,4145,17948000000
1,4146,17950400000
1,4147,17952800000
1,4148,17955200000
1,4149,17957600000
1,4150,17960000000
1,4151,17962400000
1,4152,17964800000
1,4153,17967200000
1,4154,17969600000
1,4155,17972000000
1,4156,17974400000
1,4157,17976800000
1,4158,17979200000
1,4159,17981600000
1,4160,17984000000
1,4161,17986400000
1,4162,17988800000
1,4163,17991200000
1,4164,17993600000
1,4165,17996000000
1,4166,17998400000
