0,0,101126033
0,1,103526007
0,2,105925981
0,3,108325947
0,4,110725922
0,5,113125885
0,6,115525861
0,7,117925836
0,8,120325801
0,9,122725776
0,10,125125741
0,11,127525715
0,12,129925690
0,13,132325656
0,14,134725631
0,15,137125596
0,16,139525572
0,17,141925546
0,18,144325511
0,19,146725486
0,20,149125451
0,21,151525426
0,22,153925401
0,23,156325367
0,24,158725342
0,25,161125307
0,26,163525282
0,27,165925257
0,28,168325222
0,29,170725197
0,30,173125162
0,31,175525137
0,32,177925113
0,33,180325078
0,34,182725052
0,35,185125017
0,36,187524993
0,37,189924969
0,38,192324932
0,39,194724909
0,40,197124874
0,41,199524848
0,42,201924823
0,43,204324788
0,44,206724763
0,45,209124728
0,46,211524704
0,47,213924680
0,48,216324644
0,49,218724619
0,50,221124584
0,51,223524559
0,52,225924535
0,53,228324500
0,54,230724475
0,55,233124440
0,56,235524415
0,57,237924390
0,58,240324355
0,59,242724331
0,60,245124296
0,61,247524270
0,62,249924246
0,63,252324212
0,64,254724186
0,65,257124150
0,66,259524127
0,67,261924102
0,68,264324067
0,69,266724043
0,70,269124007
0,71,271523982
0,72,273923958
0,73,276323924
0,74,278723898
0,75,281123862
0,76,283523838
0,77,285923815
0,78,288323780
0,79,290723756
0,80,293123720
0,81,295523694
0,82,297923671
0,83,300323637
0,84,302723611
0,85,305123575
0,86,307523551
0,87,309923526
0,88,312323492
0,89,314723468
0,90,317123432
0,91,319523406
0,92,321923383
0,93,324323348
0,94,326723322
0,95,329123286
0,96,331523263
0,97,333923237
0,98,336323203
0,99,338723179
0,100,341123144
0,101,343523118
0,102,345923094
0,103,348323060
0,104,350723034
0,105,353122999
0,106,355522975
0,107,357922949
0,108,360322916
0,109,362722891
0,110,365122855
0,111,367522830
0,112,369922806
0,113,372322772
0,114,374722746
0,115,377122711
0,116,379522687
0,117,381922661
0,118,384322627
0,119,386722603
0,120,389122567
0,121,391522543
0,122,393922518
0,123,396322484
0,124,398722458
0,125,401122424
0,126,403522400
0,127,405922374
0,128,408322340
0,129,410722315
0,130,413122279
0,131,415522256
0,132,417922231
0,133,420322196
0,134,422722172
0,135,425122137
0,136,427522112
0,137,429922087
0,138,432322052
0,139,434722028
0,140,437121993
0,141,439521968
0,142,441921944
0,143,444321910
0,144,446721884
0,145,449121849
0,146,451521826
0,147,453921800
0,148,456321765
0,149,458721741
0,150,461121705
0,151,463521681
0,152,465921657
0,153,468321623
0,154,470721598
0,155,473121563
0,156,475521538
0,157,477921514
0,158,480321480
0,159,482721455
0,160,485121418
0,161,487521394
0,162,489921370
0,163,492321336
0,164,494721312
0,165,497121276
0,166,499521253
0,167,501921227
0,168,504321192
0,169,506721169
0,170,509121132
0,171,511521107
0,172,513921084
0,173,516321050
0,174,518721025
0,175,521120989
0,176,523520966
0,177,525920940
0,178,528320906
0,179,530720882
0,180,533120847
0,181,535520822
0,182,537920797
0,183,540320764
0,184,542720738
0,185,545120703
0,186,547520680
0,187,549920653
0,188,552320620
0,189,554720596
0,190,557120561
0,191,559520536
0,192,561920511
0,193,564320477
0,194,566720452
0,195,569120417
0,196,571520394
0,197,573920367
0,198,576320333
0,199,578720310
0,200,581120275
0,201,583520249
0,202,585920226
0,203,588320191
0,204,590720166
0,205,593120131
0,206,595520107
0,207,597920083
0,208,600320047
0,209,602720024
0,210,605119989
0,211,607519963
0,212,609919940
0,213,612319905
0,214,614719879
0,215,617119846
0,216,619519821
0,217,621919796
0,218,624319761
0,219,626719736
0,220,629119702
0,221,631519677
0,222,633919653
0,223,636319619
0,224,638719594
0,225,641119559
0,226,643519534
0,227,645919511
0,228,648319476
0,229,650719452
0,230,653119417
0,231,655519391
0,232,657919368
0,233,660319334
0,234,662719308
0,235,665119273
0,236,667519249
0,237,669919225
0,238,672319191
0,239,674719166
0,240,677119131
0,241,679519106
0,242,681919082
0,243,684319048
0,244,686719023
0,245,689118989
0,246,691518964
0,247,693918940
0,248,696318906
0,249,698718883
0,250,701118848
0,251,703518822
0,252,705918799
0,253,708318765
0,254,710718740
0,255,713118706
0,256,715518681
0,257,717918657
0,258,720318622
0,259,722718598
0,260,725118564
0,261,727518539
0,262,729918515
0,263,732318480
0,264,734718455
0,265,737118421
0,266,739518397
0,267,741918372
0,268,744318337
0,269,746718313
0,270,749118278
0,271,751518254
0,272,753918229
0,273,756318196
0,274,758718170
0,275,761118135
0,276,763518113
0,277,765918088
0,278,768318054
0,279,770718029
0,280,773117995
0,281,775517970
0,282,777917946
0,283,780317913
0,284,782717888
0,285,785117852
0,286,787517828
0,287,789917804
0,288,792317770
0,289,794717746
0,290,797117710
0,291,799517686
0,292,801917661
0,293,804317627
0,294,806717602
0,295,809117566
0,296,811517542
0,297,813917518
0,298,816317485
0,299,818717459
0,300,821117425
0,301,823517401
0,302,825917376
0,303,828317342
0,304,830717318
0,305,833117284
0,306,835517258
0,307,837917234
0,308,840317200
0,309,842717175
0,310,845117140
0,311,847517117
0,312,849917091
0,313,852317056
0,314,854717033
0,315,857116998
0,316,859516974
0,317,861916949
0,318,864316916
0,319,866716890
0,320,869116856
0,321,871516832
0,322,873916808
0,323,876316774
0,324,878716750
0,325,881116716
0,326,883516691
0,327,885916667
0,328,888316632
0,329,890716608
0,330,893116573
0,331,895516549
0,332,897916525
0,333,900316491
0,334,902716467
0,335,905116432
0,336,907516407
0,337,909916383
0,338,912316350
0,339,914716326
0,340,917116291
0,341,919516267
0,342,921916243
0,343,924316209
0,344,926716185
0,345,929116150
0,346,931516124
0,347,933916101
0,348,936316067
0,349,938716043
0,350,941116008
0,351,943515985
0,352,945915959
0,353,948315925
0,354,950715901
0,355,953115867
0,356,955515843
0,357,957915818
0,358,960315784
0,359,962715760
0,360,965115725
0,361,967515701
0,362,969915676
0,363,972315643
0,364,974715618
0,365,977115584
0,366,979515560
0,367,981915536
0,368,984315501
0,369,986715477
0,370,989115443
0,371,991515418
0,372,993915394
0,373,996315360
0,374,998715335
0,375,1001115301
0,376,1003515277
0,377,1005915254
0,378,1008315218
0,379,1010715195
0,380,1013115160
0,381,1015515135
0,382,1017915111
0,383,1020315078
0,384,1022715053
0,385,1025115018
0,386,1027514994
0,387,1029914971
0,388,1032314937
0,389,1034714914
0,390,1037114878
0,391,1039514854
0,392,1041914830
0,393,1044314797
0,394,1046714772
0,395,1049114738
0,396,1051514714
0,397,1053914689
0,398,1056314655
0,399,1058714631
0,400,1061114597
0,401,1063514572
0,402,1065914546
0,403,1068314513
0,404,1070714489
0,405,1073114454
0,406,1075514430
0,407,1077914406
0,408,1080314372
0,409,1082714348
0,410,1085114314
0,411,1087514290
0,412,1089914265
0,413,1092314231
0,414,1094714207
0,415,1097114173
0,416,1099514148
0,417,1101914124
0,418,1104314090
0,419,1106714065
0,420,1109114032
0,421,1111514007
0,422,1113913984
0,423,1116313949
0,424,1118713926
0,425,1121113891
0,426,1123513866
0,427,1125913844
0,428,1128313810
0,429,1130713786
0,430,1133113749
0,431,1135513726
0,432,1137913702
0,433,1140313668
0,434,1142713645
0,435,1145113609
0,436,1147513585
0,437,1149913560
0,438,1152313528
0,439,1154713502
0,440,1157113469
0,441,1159513445
0,442,1161913420
0,443,1164313387
0,444,1166713362
0,445,1169113329
0,446,1171513303
0,447,1173913279
0,448,1176313246
0,449,1178713222
0,450,1181113187
0,451,1183513163
0,452,1185913139
0,453,1188313105
0,454,1190713080
0,455,1193113046
0,456,1195513022
0,457,1197912998
0,458,1200312963
0,459,1202712940
0,460,1205112906
0,461,1207512881
0,462,1209912857
0,463,1212312824
0,464,1214712798
0,465,1217112765
0,466,1219512741
0,467,1221912717
0,468,1224312684
0,469,1226712659
0,470,1229112625
0,471,1231512599
0,472,1233912576
0,473,1236312544
0,474,1238712518
0,475,1241112484
0,476,1243512459
0,477,1245912436
0,478,1248312401
0,479,1250712377
0,480,1253112344
0,481,1255512319
0,482,1257912294
0,483,1260312261
0,484,1262712237
0,485,1265112202
0,486,1267512178
0,487,1269912153
0,488,1272312120
0,489,1274712096
0,490,1277112061
0,491,1279512038
0,492,1281912014
0,493,1284311979
0,494,1286711956
0,495,1289111921
0,496,1291511897
0,497,1293911874
0,498,1296311839
0,499,1298711815
0,500,1301111781
0,501,1303511757
0,502,1305911734
0,503,1308311700
0,504,1310711676
0,505,1313111641
0,506,1315511616
0,507,1317911593
0,508,1320311560
0,509,1322711535
0,510,1325111500
0,511,1327511477
0,512,1329911453
0,513,1332311419
0,514,1334711397
0,515,1337111362
0,516,1339511338
0,517,1341911314
0,518,1344311280
0,519,1346711257
0,520,1349111222
0,521,1351511198
0,522,1353911174
0,523,1356311141
0,524,1358711116
0,525,1361111083
0,526,1363511059
0,527,1365911035
0,528,1368311001
0,529,1370710978
0,530,1373110944
0,531,1375510919
0,532,1377910896
0,533,1380310861
0,534,1382710837
0,535,1385110804
0,536,1387510779
0,537,1389910756
0,538,1392310722
0,539,1394710699
0,540,1397110664
0,541,1399510640
0,542,1401910616
0,543,1404310583
0,544,1406710558
0,545,1409110524
0,546,1411510500
0,547,1413910476
0,548,1416310443
0,549,1418710419
0,550,1421110384
0,551,1423510362
0,552,1425910337
0,553,1428310303
0,554,1430710280
0,555,1433110246
0,556,1435510221
0,557,1437910197
0,558,1440310164
0,559,1442710140
0,560,1445110106
0,561,1447510082
0,562,1449910059
0,563,1452310023
0,564,1454710000
0,565,1457109967
0,566,1459509941
0,567,1461909919
0,568,1464309886
0,569,1466709861
0,570,1469109827
0,571,1471509804
0,572,1473909780
0,573,1476309745
0,574,1478709723
0,575,1481109688
0,576,1483509665
0,577,1485909640
0,578,1488309607
0,579,1490709584
0,580,1493109549
0,581,1495509524
0,582,1497909501
0,583,1500309469
0,584,1502709444
0,585,1505109410
0,586,1507509387
0,587,1509909362
0,588,1512309328
0,589,1514709305
0,590,1517109271
0,591,1519509247
0,592,1521909223
0,593,1524309189
0,594,1526709165
0,595,1529109131
0,596,1531509107
0,597,1533909084
0,598,1536309049
0,599,1538709026
0,600,1541108992
0,601,1543508968
0,602,1545908945
0,603,1548308912
0,604,1550708889
0,605,1553108853
0,606,1555508830
0,607,1557908807
0,608,1560308774
0,609,1562708749
0,610,1565108715
0,611,1567508691
0,612,1569908668
0,613,1572308634
0,614,1574708610
0,615,1577108576
0,616,1579508552
0,617,1581908527
0,618,1584308495
0,619,1586708471
0,620,1589108437
0,621,1591508414
0,622,1593908389
0,623,1596308355
0,624,1598708332
0,625,1601108299
0,626,1603508274
0,627,1605908249
0,628,1608308217
0,629,1610708194
0,630,1613108159
0,631,1615508135
0,632,1617908112
0,633,1620308078
0,634,1622708054
0,635,1625108020
0,636,1627507996
0,637,1629907973
0,638,1632307939
0,639,1634707917
0,640,1637107881
0,641,1639507857
0,642,1641907834
0,643,1644307801
0,644,1646707776
0,645,1649107741
0,646,1651507717
0,647,1653907694
0,648,1656307661
0,649,1658707638
0,650,1661107604
0,651,1663507579
0,652,1665907555
0,653,1668307522
0,654,1670707499
0,655,1673107465
0,656,1675507441
0,657,1677907416
0,658,1680307384
0,659,1682707360
0,660,1685107326
0,661,1687507302
0,662,1689907279
0,663,1692307244
0,664,1694707220
0,665,1697107187
0,666,1699507163
0,667,1701907139
0,668,1704307106
0,669,1706707083
0,670,1709107049
0,671,1711507025
0,672,1713907002
0,673,1716306968
0,674,1718706945
0,675,1721106910
0,676,1723506887
0,677,1725906863
0,678,1728306830
0,679,1730706806
0,680,1733106773
0,681,1735506749
0,682,1737906723
0,683,1740306691
0,684,1742706667
0,685,1745106633
0,686,1747506609
0,687,1749906585
0,688,1752306552
0,689,1754706530
0,690,1757106496
0,691,1759506472
0,692,1761906448
0,693,1764306414
0,694,1766706390
0,695,1769106357
0,696,1771506334
0,697,1773906310
0,698,1776306277
0,699,1778706253
0,700,1781106219
0,701,1783506195
0,702,1785906172
0,703,1788306139
0,704,1790706116
0,705,1793106081
0,706,1795506057
0,707,1797906033
0,708,1800306001
0,709,1802705976
0,710,1805105943
0,711,1807505920
0,712,1809905896
0,713,1812305862
0,714,1814705839
0,715,1817105805
0,716,1819505781
0,717,1821905756
0,718,1824305724
0,719,1826705701
0,720,1829105667
0,721,1831505643
0,722,1833905620
0,723,1836305586
0,724,1838705562
0,725,1841105528
0,726,1843505505
0,727,1845905482
0,728,1848305449
0,729,1850705426
0,730,1853105391
0,731,1855505367
0,732,1857905344
0,733,1860305311
0,734,1862705286
0,735,1865105252
0,736,1867505230
0,737,1869905206
0,738,1872305172
0,739,1874705149
0,740,1877105116
0,741,1879505093
0,742,1881905068
0,743,1884305034
0,744,1886705011
0,745,1889104978
0,746,1891504954
0,747,1893904931
0,748,1896304897
0,749,1898704873
0,750,1901104840
0,751,1903504817
0,752,1905904793
0,753,1908304759
0,754,1910704736
0,755,1913104702
0,756,1915504678
0,757,1917904654
0,758,1920304622
0,759,1922704599
0,760,1925104565
0,761,1927504540
0,762,1929904517
0,763,1932304485
0,764,1934704461
0,765,1937104428
0,766,1939504404
0,767,1941904380
0,768,1944304347
0,769,1946704323
0,770,1949104290
0,771,1951504265
0,772,1953904241
0,773,1956304209
0,774,1958704185
0,775,1961104152
0,776,1963504128
0,777,1965904106
0,778,1968304073
0,779,1970704049
0,780,1973104016
0,781,1975503992
0,782,1977903969
0,783,1980303936
0,784,1982703913
0,785,1985103879
0,786,1987503854
0,787,1989903831
0,788,1992303799
0,789,1994703774
0,790,1997103741
0,791,1999503718
0,792,2001903693
0,793,2004303660
0,794,2006703637
0,795,2009103604
0,796,2011503581
0,797,2013903555
0,798,2016303523
0,799,2018703500
0,800,2021103467
0,801,2023503443
0,802,2025903420
0,803,2028303386
0,804,2030703362
0,805,2033103329
0,806,2035503306
0,807,2037903283
0,808,2040303249
0,809,2042703227
0,810,2045103193
0,811,2047503169
0,812,2049903146
0,813,2052303114
0,814,2054703090
0,815,2057103055
0,816,2059503033
0,817,2061903009
0,818,2064302977
0,819,2066702953
0,820,2069102919
0,821,2071502896
0,822,2073902872
0,823,2076302839
0,824,2078702816
0,825,2081102783
0,826,2083502758
0,827,2085902735
0,828,2088302701
0,829,2090702678
0,830,2093102644
0,831,2095502621
0,832,2097902597
0,833,2100302565
0,834,2102702541
0,835,2105102507
0,836,2107502484
0,837,2109902461
0,838,2112302428
0,839,2114702404
0,840,2117102370
0,841,2119502347
0,842,2121902323
0,843,2124302291
0,844,2126702267
0,845,2129102233
0,846,2131502210
0,847,2133902185
0,848,2136302152
0,849,2138702129
0,850,2141102096
0,851,2143502073
0,852,2145902050
0,853,2148302015
0,854,2150701992
0,855,2153101959
0,856,2155501935
0,857,2157901911
0,858,2160301879
0,859,2162701855
0,860,2165101820
0,861,2167501797
0,862,2169901775
0,863,2172301742
0,864,2174701720
0,865,2177101686
0,866,2179501664
0,867,2181901638
0,868,2184301606
0,869,2186701583
0,870,2189101550
0,871,2191501526
0,872,2193901502
0,873,2196301470
0,874,2198701446
0,875,2201101412
0,876,2203501389
0,877,2205901366
0,878,2208301331
0,879,2210701308
0,880,2213101275
0,881,2215501252
0,882,2217901229
0,883,2220301196
0,884,2222701173
0,885,2225101139
0,886,2227501115
0,887,2229901092
0,888,2232301060
0,889,2234701036
0,890,2237101003
0,891,2239500980
0,892,2241900955
0,893,2244300922
0,894,2246700899
0,895,2249100865
0,896,2251500843
0,897,2253900818
0,898,2256300786
0,899,2258700763
0,900,2261100730
0,901,2263500705
0,902,2265900682
0,903,2268300649
0,904,2270700625
0,905,2273100592
0,906,2275500569
0,907,2277900547
0,908,2280300515
0,909,2282700492
0,910,2285100458
0,911,2287500433
0,912,2289900410
0,913,2292300378
0,914,2294700355
0,915,2297100322
0,916,2299500298
0,917,2301900274
0,918,2304300242
0,919,2306700219
0,920,2309100186
0,921,2311500162
0,922,2313900139
0,923,2316300105
0,924,2318700082
0,925,2321100049
0,926,2323500025
0,927,2325900002
0,928,2328299970
0,929,2330699948
0,930,2333099914
0,931,2335499890
0,932,2337899867
0,933,2340299834
0,934,2342699810
0,935,2345099776
0,936,2347499754
0,937,2349899731
0,938,2352299698
0,939,2354699675
0,940,2357099642
0,941,2359499618
0,942,2361899594
0,943,2364299562
0,944,2366699539
0,945,2369099507
0,946,2371499482
0,947,2373899459
0,948,2376299426
0,949,2378699403
0,950,2381099370
0,951,2383499347
0,952,2385899326
0,953,2388299293
0,954,2390699270
0,955,2393099236
0,956,2395499212
0,957,2397899189
0,958,2400299157
0,959,2402699135
0,960,2405099102
0,961,2407499077
0,962,2409899053
0,963,2412299021
0,964,2414698997
0,965,2417098965
0,966,2419498942
0,967,2421898919
0,968,2424298885
0,969,2426698862
0,970,2429098829
0,971,2431498806
0,972,2433898783
0,973,2436298750
0,974,2438698728
0,975,2441098694
0,976,2443498670
0,977,2445898647
0,978,2448298616
0,979,2450698592
0,980,2453098557
0,981,2455498535
0,982,2457898511
0,983,2460298478
0,984,2462698456
0,985,2465098423
0,986,2467498400
0,987,2469898375
0,988,2472298343
0,989,2474698320
0,990,2477098288
0,991,2479498264
0,992,2481898241
0,993,2484298208
0,994,2486698184
0,995,2489098152
0,996,2491498129
0,997,2493898106
0,998,2496298073
0,999,2498698050
0,1000,2501098017
0,1001,2503497994
0,1002,2505897970
0,1003,2508297938
0,1004,2510697915
0,1005,2513097882
0,1006,2515497859
0,1007,2517897835
0,1008,2520297802
0,1009,2522697778
0,1010,2525097745
0,1011,2527497723
0,1012,2529897700
0,1013,2532297666
0,1014,2534697643
0,1015,2537097611
0,1016,2539497588
0,1017,2541897565
0,1018,2544297532
0,1019,2546697509
0,1020,2549097476
0,1021,2551497452
0,1022,2553897429
0,1023,2556297397
0,1024,2558697373
0,1025,2561097341
0,1026,2563497318
0,1027,2565897294
0,1028,2568297262
0,1029,2570697238
0,1030,2573097206
0,1031,2575497182
0,1032,2577897159
0,1033,2580297125
0,1034,2582697103
0,1035,2585097070
0,1036,2587497046
0,1037,2589897023
0,1038,2592296992
0,1039,2594696969
0,1040,2597096935
0,1041,2599496912
0,1042,2601896889
0,1043,2604296858
0,1044,2606696834
0,1045,2609096801
0,1046,2611496778
0,1047,2613896755
0,1048,2616296722
0,1049,2618696699
0,1050,2621096666
0,1051,2623496643
0,1052,2625896620
0,1053,2628296587
0,1054,2630696564
0,1055,2633096532
0,1056,2635496508
0,1057,2637896485
0,1058,2640296452
0,1059,2642696430
0,1060,2645096396
0,1061,2647496373
0,1062,2649896350
0,1063,2652296318
0,1064,2654696295
0,1065,2657096261
0,1066,2659496239
0,1067,2661896215
0,1068,2664296183
0,1069,2666696160
0,1070,2669096128
0,1071,2671496103
0,1072,2673896080
0,1073,2676296047
0,1074,2678696023
0,1075,2681095990
0,1076,2683495967
0,1077,2685895945
0,1078,2688295912
0,1079,2690695890
0,1080,2693095856
0,1081,2695495834
0,1082,2697895811
0,1083,2700295778
0,1084,2702695755
0,1085,2705095722
0,1086,2707495699
0,1087,2709895675
0,1088,2712295644
0,1089,2714695620
0,1090,2717095588
0,1091,2719495565
0,1092,2721895542
0,1093,2724295510
0,1094,2726695486
0,1095,2729095454
0,1096,2731495431
0,1097,2733895408
0,1098,2736295374
0,1099,2738695353
0,1100,2741095319
0,1101,2743495295
0,1102,2745895273
0,1103,2748295241
0,1104,2750695219
0,1105,2753095185
0,1106,2755495163
0,1107,2757895139
0,1108,2760295108
0,1109,2762695084
0,1110,2765095051
0,1111,2767495028
0,1112,2769895006
0,1113,2772294972
0,1114,2774694949
0,1115,2777094917
0,1116,2779494894
0,1117,2781894870
0,1118,2784294838
0,1119,2786694816
0,1120,2789094782
0,1121,2791494759
0,1122,2793894736
0,1123,2796294705
0,1124,2798694682
0,1125,2801094648
0,1126,2803494626
0,1127,2805894603
0,1128,2808294571
0,1129,2810694548
0,1130,2813094516
0,1131,2815494493
0,1132,2817894470
0,1133,2820294437
0,1134,2822694414
0,1135,2825094381
0,1136,2827494358
0,1137,2829894335
0,1138,2832294303
0,1139,2834694282
0,1140,2837094247
0,1141,2839494224
0,1142,2841894202
0,1143,2844294170
0,1144,2846694146
0,1145,2849094114
0,1146,2851494091
0,1147,2853894067
0,1148,2856294035
0,1149,2858694012
0,1150,2861093980
0,1151,2863493957
0,1152,2865893934
0,1153,2868293902
0,1154,2870693879
0,1155,2873093846
0,1156,2875493823
0,1157,2877893800
0,1158,2880293768
0,1159,2882693745
0,1160,2885093711
0,1161,2887493688
0,1162,2889893667
0,1163,2892293634
0,1164,2894693611
0,1165,2897093579
0,1166,2899493556
0,1167,2901893533
0,1168,2904293500
0,1169,2906693477
0,1170,2909093445
0,1171,2911493421
0,1172,2913893398
0,1173,2916293367
0,1174,2918693344
0,1175,2921093311
0,1176,2923493288
0,1177,2925893265
0,1178,2928293234
0,1179,2930693210
0,1180,2933093177
0,1181,2935493154
0,1182,2937893131
0,1183,2940293100
0,1184,2942693077
0,1185,2945093045
0,1186,2947493021
0,1187,2949892997
0,1188,2952292966
0,1189,2954692943
0,1190,2957092911
0,1191,2959492888
0,1192,2961892865
0,1193,2964292833
0,1194,2966692810
0,1195,2969092778
0,1196,2971492755
0,1197,2973892732
0,1198,2976292700
0,1199,2978692677
0,1200,2981092645
0,1201,2983492623
0,1202,2985892599
0,1203,2988292567
0,1204,2990692544
0,1205,2993092512
0,1206,2995492488
0,1207,2997892465
0,1208,3000292434
0,1209,3002692411
0,1210,3005092378
0,1211,3007492355
0,1212,3009892332
0,1213,3012292300
0,1214,3014692277
0,1215,3017092245
0,1216,3019492222
0,1217,3021892200
0,1218,3024292167
0,1219,3026692144
0,1220,3029092112
0,1221,3031492089
0,1222,3033892065
0,1223,3036292034
0,1224,3038692012
0,1225,3041091979
0,1226,3043491955
0,1227,3045891933
0,1228,3048291900
0,1229,3050691877
0,1230,3053091845
0,1231,3055491824
0,1232,3057891801
0,1233,3060291770
0,1234,3062691746
0,1235,3065091713
0,1236,3067491690
0,1237,3069891667
0,1238,3072291636
0,1239,3074691613
0,1240,3077091581
0,1241,3079491557
0,1242,3081891534
0,1243,3084291502
0,1244,3086691481
0,1245,3089091448
0,1246,3091491424
0,1247,3093891402
0,1248,3096291369
0,1249,3098691347
0,1250,3101091314
0,1251,3103491292
0,1252,3105891269
0,1253,3108291237
0,1254,3110691213
0,1255,3113091181
0,1256,3115491158
0,1257,3117891136
0,1258,3120291103
0,1259,3122691080
0,1260,3125091048
0,1261,3127491024
0,1262,3129891002
0,1263,3132290970
0,1264,3134690948
0,1265,3137090915
0,1266,3139490892
0,1267,3141890869
0,1268,3144290838
0,1269,3146690815
0,1270,3149090781
0,1271,3151490758
0,1272,3153890736
0,1273,3156290703
0,1274,3158690681
0,1275,3161090649
0,1276,3163490627
0,1277,3165890603
0,1278,3168290571
0,1279,3170690548
0,1280,3173090517
0,1281,3175490493
0,1282,3177890471
0,1283,3180290438
0,1284,3182690417
0,1285,3185090382
0,1286,3187490360
0,1287,3189890337
0,1288,3192290306
0,1289,3194690282
0,1290,3197090250
0,1291,3199490228
0,1292,3201890205
0,1293,3204290172
0,1294,3206690150
0,1295,3209090117
0,1296,3211490096
0,1297,3213890073
0,1298,3216290040
0,1299,3218690017
0,1300,3221089985
0,1301,3223489962
0,1302,3225889940
0,1303,3228289909
0,1304,3230689887
0,1305,3233089853
0,1306,3235489831
0,1307,3237889808
0,1308,3240289777
0,1309,3242689753
0,1310,3245089721
0,1311,3247489700
0,1312,3249889676
0,1313,3252289644
0,1314,3254689621
0,1315,3257089589
0,1316,3259489567
0,1317,3261889545
0,1318,3264289511
0,1319,3266689490
0,1320,3269089457
0,1321,3271489434
0,1322,3273889411
0,1323,3276289380
0,1324,3278689358
0,1325,3281089325
0,1326,3283489303
0,1327,3285889279
0,1328,3288289248
0,1329,3290689224
0,1330,3293089193
0,1331,3295489170
0,1332,3297889148
0,1333,3300289115
0,1334,3302689092
0,1335,3305089060
0,1336,3307489037
0,1337,3309889015
0,1338,3312288982
0,1339,3314688961
0,1340,3317088928
0,1341,3319488905
0,1342,3321888881
0,1343,3324288850
0,1344,3326688829
0,1345,3329088795
0,1346,3331488773
0,1347,3333888750
0,1348,3336288719
0,1349,3338688695
0,1350,3341088663
0,1351,3343488641
0,1352,3345888619
0,1353,3348288587
0,1354,3350688564
0,1355,3353088531
0,1356,3355488509
0,1357,3357888487
0,1358,3360288455
0,1359,3362688432
0,1360,3365088400
0,1361,3367488377
0,1362,3369888354
0,1363,3372288323
0,1364,3374688300
0,1365,3377088268
0,1366,3379488245
0,1367,3381888223
0,1368,3384288191
0,1369,3386688169
0,1370,3389088136
0,1371,3391488113
0,1372,3393888092
0,1373,3396288061
0,1374,3398688038
0,1375,3401088006
0,1376,3403487983
0,1377,3405887961
0,1378,3408287929
0,1379,3410687906
0,1380,3413087874
0,1381,3415487851
0,1382,3417887829
0,1383,3420287797
0,1384,3422687774
0,1385,3425087743
0,1386,3427487719
0,1387,3429887697
0,1388,3432287667
0,1389,3434687643
0,1390,3437087610
0,1391,3439487589
0,1392,3441887567
0,1393,3444287535
0,1394,3446687512
0,1395,3449087480
0,1396,3451487459
0,1397,3453887435
0,1398,3456287402
0,1399,3458687379
0,1400,3461087348
0,1401,3463487324
0,1402,3465887301
0,1403,3468287271
0,1404,3470687248
0,1405,3473087215
0,1406,3475487193
0,1407,3477887170
0,1408,3480287139
0,1409,3482687116
0,1410,3485087084
0,1411,3487487062
0,1412,3489887040
0,1413,3492287007
0,1414,3494686985
0,1415,3497086953
0,1416,3499486930
0,1417,3501886908
0,1418,3504286877
0,1419,3506686854
0,1420,3509086821
0,1421,3511486799
0,1422,3513886776
0,1423,3516286745
0,1424,3518686722
0,1425,3521086691
0,1426,3523486668
0,1427,3525886644
0,1428,3528286614
0,1429,3530686591
0,1430,3533086558
0,1431,3535486537
0,1432,3537886515
0,1433,3540286483
0,1434,3542686460
0,1435,3545086428
0,1436,3547486405
0,1437,3549886383
0,1438,3552286352
0,1439,3554686329
0,1440,3557086297
0,1441,3559486276
0,1442,3561886252
0,1443,3564286220
0,1444,3566686198
0,1445,3569086166
0,1446,3571486143
0,1447,3573886121
0,1448,3576286089
0,1449,3578686068
0,1450,3581086035
0,1451,3583486012
0,1452,3585885990
0,1453,3588285959
0,1454,3590685936
0,1455,3593085904
0,1456,3595485882
0,1457,3597885858
0,1458,3600285827
0,1459,3602685805
0,1460,3605085773
0,1461,3607485751
0,1462,3609885729
0,1463,3612285696
0,1464,3614685675
0,1465,3617085641
0,1466,3619485618
0,1467,3621885596
0,1468,3624285565
0,1469,3626685543
0,1470,3629085512
0,1471,3631485488
0,1472,3633885465
0,1473,3636285435
0,1474,3638685411
0,1475,3641085379
0,1476,3643485358
0,1477,3645885335
0,1478,3648285303
0,1479,3650685282
0,1480,3653085250
0,1481,3655485227
0,1482,3657885206
0,1483,3660285174
0,1484,3662685151
0,1485,3665085120
0,1486,3667485098
0,1487,3669885074
0,1488,3672285043
0,1489,3674685021
0,1490,3677084989
0,1491,3679484966
0,1492,3681884944
0,1493,3684284912
0,1494,3686684891
0,1495,3689084859
0,1496,3691484835
0,1497,3693884814
0,1498,3696284783
0,1499,3698684758
0,1500,3701084727
0,1501,3703484706
0,1502,3705884682
0,1503,3708284652
0,1504,3710684629
0,1505,3713084598
0,1506,3715484575
0,1507,3717884553
0,1508,3720284521
0,1509,3722684499
0,1510,3725084467
0,1511,3727484445
0,1512,3729884422
0,1513,3732284391
0,1514,3734684370
0,1515,3737084338
0,1516,3739484315
0,1517,3741884293
0,1518,3744284262
0,1519,3746684240
0,1520,3749084207
0,1521,3751484185
0,1522,3753884163
0,1523,3756284131
0,1524,3758684108
0,1525,3761084077
0,1526,3763484055
0,1527,3765884032
0,1528,3768284001
0,1529,3770683979
0,1530,3773083948
0,1531,3775483925
0,1532,3777883902
0,1533,3780283871
0,1534,3782683849
0,1535,3785083818
0,1536,3787483794
0,1537,3789883772
0,1538,3792283741
0,1539,3794683718
0,1540,3797083686
0,1541,3799483664
0,1542,3801883642
0,1543,3804283612
0,1544,3806683588
0,1545,3809083556
0,1546,3811483535
0,1547,3813883512
0,1548,3816283481
0,1549,3818683458
0,1550,3821083426
0,1551,3823483405
0,1552,3825883383
0,1553,3828283350
0,1554,3830683329
0,1555,3833083296
0,1556,3835483275
0,1557,3837883253
0,1558,3840283221
0,1559,3842683199
0,1560,3845083167
0,1561,3847483144
0,1562,3849883122
0,1563,3852283091
0,1564,3854683069
0,1565,3857083037
0,1566,3859483015
0,1567,3861882994
0,1568,3864282962
0,1569,3866682940
0,1570,3869082907
0,1571,3871482885
0,1572,3873882864
0,1573,3876282833
0,1574,3878682810
0,1575,3881082778
0,1576,3883482757
0,1577,3885882734
0,1578,3888282702
0,1579,3890682680
0,1580,3893082648
0,1581,3895482627
0,1582,3897882605
0,1583,3900282572
0,1584,3902682552
0,1585,3905082518
0,1586,3907482495
0,1587,3909882473
0,1588,3912282442
0,1589,3914682421
0,1590,3917082389
0,1591,3919482366
0,1592,3921882343
0,1593,3924282313
0,1594,3926682290
0,1595,3929082258
0,1596,3931482237
0,1597,3933882214
0,1598,3936282184
0,1599,3938682161
0,1600,3941082129
0,1601,3943482107
0,1602,3945882084
0,1603,3948282054
0,1604,3950682031
0,1605,3953082000
0,1606,3955481978
0,1607,3957881956
0,1608,3960281924
0,1609,3962681901
0,1610,3965081871
0,1611,3967481848
0,1612,3969881826
0,1613,3972281795
0,1614,3974681773
0,1615,3977081741
0,1616,3979481718
0,1617,3981881696
0,1618,3984281665
0,1619,3986681644
0,1620,3989081611
0,1621,3991481590
0,1622,3993881568
0,1623,3996281537
0,1624,3998681513
0,1625,4001081481
0,1626,4003481460
0,1627,4005881438
0,1628,4008281408
0,1629,4010681385
0,1630,4013081353
0,1631,4015481332
0,1632,4017881308
0,1633,4020281277
0,1634,4022681255
0,1635,4025081224
0,1636,4027481202
0,1637,4029881181
0,1638,4032281148
0,1639,4034681127
0,1640,4037081095
0,1641,4039481072
0,1642,4041881050
0,1643,4044281020
0,1644,4046680998
0,1645,4049080967
0,1646,4051480944
0,1647,4053880921
0,1648,4056280891
0,1649,4058680867
0,1650,4061080837
0,1651,4063480814
0,1652,4065880793
0,1653,4068280761
0,1654,4070680741
0,1655,4073080709
0,1656,4075480689
0,1657,4077880667
0,1658,4080280636
0,1659,4082680613
0,1660,4085080582
0,1661,4087480559
0,1662,4089880536
0,1663,4092280505
0,1664,4094680483
0,1665,4097080452
0,1666,4099480429
0,1667,4101880408
0,1668,4104280377
0,1669,4106680356
0,1670,4109080323
0,1671,4111480300
0,1672,4113880278
0,1673,4116280248
0,1674,4118680226
0,1675,4121080194
0,1676,4123480172
0,1677,4125880150
0,1678,4128280119
0,1679,4130680096
0,1680,4133080065
0,1681,4135480044
0,1682,4137880022
0,1683,4140279991
0,1684,4142679967
0,1685,4145079936
0,1686,4147479914
0,1687,4149879891
0,1688,4152279860
0,1689,4154679838
0,1690,4157079807
0,1691,4159479785
0,1692,4161879764
0,1693,4164279731
0,1694,4166679710
0,1695,4169079679
0,1696,4171479656
0,1697,4173879634
0,1698,4176279604
0,1699,4178679582
0,1700,4181079551
0,1701,4183479528
0,1702,4185879505
0,1703,4188279475
0,1704,4190679452
0,1705,4193079422
0,1706,4195479399
0,1707,4197879377
0,1708,4200279346
0,1709,4202679324
0,1710,4205079292
0,1711,4207479271
0,1712,4209879249
0,1713,4212279218
0,1714,4214679195
0,1715,4217079164
0,1716,4219479142
0,1717,4221879120
0,1718,4224279088
0,1719,4226679067
0,1720,4229079035
0,1721,4231479014
0,1722,4233878992
0,1723,4236278961
0,1724,4238678939
0,1725,4241078907
0,1726,4243478885
0,1727,4245878863
0,1728,4248278832
0,1729,4250678811
0,1730,4253078779
0,1731,4255478757
0,1732,4257878734
0,1733,4260278704
0,1734,4262678680
0,1735,4265078650
0,1736,4267478629
0,1737,4269878606
0,1738,4272278577
0,1739,4274678553
0,1740,4277078523
0,1741,4279478500
0,1742,4281878479
0,1743,4284278449
0,1744,4286678426
0,1745,4289078395
0,1746,4291478374
0,1747,4293878351
0,1748,4296278320
0,1749,4298678298
0,1750,4301078267
0,1751,4303478246
0,1752,4305878223
0,1753,4308278193
0,1754,4310678170
0,1755,4313078140
0,1756,4315478117
0,1757,4317878095
0,1758,4320278064
0,1759,4322678043
0,1760,4325078012
0,1761,4327477989
0,1762,4329877967
0,1763,4332277937
0,1764,4334677916
0,1765,4337077882
0,1766,4339477862
0,1767,4341877839
0,1768,4344277809
0,1769,4346677786
0,1770,4349077754
0,1771,4351477733
0,1772,4353877710
0,1773,4356277679
0,1774,4358677656
0,1775,4361077625
0,1776,4363477603
0,1777,4365877582
0,1778,4368277551
0,1779,4370677529
0,1780,4373077498
0,1781,4375477476
0,1782,4377877454
0,1783,4380277422
0,1784,4382677401
0,1785,4385077371
0,1786,4387477348
0,1787,4389877326
0,1788,4392277296
0,1789,4394677274
0,1790,4397077242
0,1791,4399477220
0,1792,4401877197
0,1793,4404277168
0,1794,4406677147
0,1795,4409077115
0,1796,4411477093
0,1797,4413877072
0,1798,4416277041
0,1799,4418677018
0,1800,4421076987
0,1801,4423476966
0,1802,4425876944
0,1803,4428276914
0,1804,4430676891
0,1805,4433076861
0,1806,4435476839
0,1807,4437876816
0,1808,4440276787
0,1809,4442676764
0,1810,4445076733
0,1811,4447476712
0,1812,4449876690
0,1813,4452276658
0,1814,4454676637
0,1815,4457076605
0,1816,4459476584
0,1817,4461876562
0,1818,4464276531
0,1819,4466676509
0,1820,4469076479
0,1821,4471476456
0,1822,4473876434
0,1823,4476276404
0,1824,4478676382
0,1825,4481076351
0,1826,4483476328
0,1827,4485876307
0,1828,4488276277
0,1829,4490676255
0,1830,4493076226
0,1831,4495476202
0,1832,4497876180
0,1833,4500276151
0,1834,4502676128
0,1835,4505076097
0,1836,4507476076
0,1837,4509876054
0,1838,4512276023
0,1839,4514676001
0,1840,4517075970
0,1841,4519475948
0,1842,4521875926
0,1843,4524275896
0,1844,4526675874
0,1845,4529075843
0,1846,4531475822
0,1847,4533875800
0,1848,4536275768
0,1849,4538675746
0,1850,4541075716
0,1851,4543475694
0,1852,4545875672
0,1853,4548275642
0,1854,4550675621
0,1855,4553075588
0,1856,4555475566
0,1857,4557875543
0,1858,4560275513
0,1859,4562675492
0,1860,4565075461
0,1861,4567475439
0,1862,4569875418
0,1863,4572275386
0,1864,4574675366
0,1865,4577075334
0,1866,4579475311
0,1867,4581875290
0,1868,4584275260
0,1869,4586675238
0,1870,4589075207
0,1871,4591475185
0,1872,4593875164
0,1873,4596275133
0,1874,4598675110
0,1875,4601075080
0,1876,4603475059
0,1877,4605875037
0,1878,4608275007
0,1879,4610674984
0,1880,4613074953
0,1881,4615474932
0,1882,4617874909
0,1883,4620274879
0,1884,4622674858
0,1885,4625074826
0,1886,4627474805
0,1887,4629874783
0,1888,4632274752
0,1889,4634674732
0,1890,4637074700
0,1891,4639474678
0,1892,4641874656
0,1893,4644274626
0,1894,4646674604
0,1895,4649074574
0,1896,4651474551
0,1897,4653874530
0,1898,4656274499
0,1899,4658674477
0,1900,4661074447
0,1901,4663474425
0,1902,4665874403
0,1903,4668274373
0,1904,4670674352
0,1905,4673074320
0,1906,4675474298
0,1907,4677874276
0,1908,4680274246
0,1909,4682674224
0,1910,4685074193
0,1911,4687474171
0,1912,4689874150
0,1913,4692274121
0,1914,4694674098
0,1915,4697074066
0,1916,4699474045
0,1917,4701874023
0,1918,4704273994
0,1919,4706673973
0,1920,4709073942
0,1921,4711473920
0,1922,4713873899
0,1923,4716273868
0,1924,4718673846
0,1925,4721073815
0,1926,4723473793
0,1927,4725873772
0,1928,4728273741
0,1929,4730673719
0,1930,4733073688
0,1931,4735473667
0,1932,4737873643
0,1933,4740273614
0,1934,4742673593
0,1935,4745073562
0,1936,4747473539
0,1937,4749873518
0,1938,4752273490
0,1939,4754673468
0,1940,4757073436
0,1941,4759473415
0,1942,4761873392
0,1943,4764273363
0,1944,4766673342
0,1945,4769073310
0,1946,4771473288
0,1947,4773873267
0,1948,4776273237
0,1949,4778673215
0,1950,4781073183
0,1951,4783473162
0,1952,4785873140
0,1953,4788273111
0,1954,4790673088
0,1955,4793073057
0,1956,4795473035
0,1957,4797873014
0,1958,4800272984
0,1959,4802672961
0,1960,4805072931
0,1961,4807472910
0,1962,4809872888
0,1963,4812272857
0,1964,4814672836
0,1965,4817072806
0,1966,4819472784
0,1967,4821872762
0,1968,4824272731
0,1969,4826672709
0,1970,4829072679
0,1971,4831472658
0,1972,4833872636
0,1973,4836272606
0,1974,4838672585
0,1975,4841072553
0,1976,4843472531
0,1977,4845872509
0,1978,4848272480
0,1979,4850672459
0,1980,4853072427
0,1981,4855472405
0,1982,4857872384
0,1983,4860272354
0,1984,4862672333
0,1985,4865072302
0,1986,4867472280
0,1987,4869872258
0,1988,4872272228
0,1989,4874672206
0,1990,4877072176
0,1991,4879472154
0,1992,4881872133
0,1993,4884272103
0,1994,4886672080
0,1995,4889072049
0,1996,4891472028
0,1997,4893872007
0,1998,4896271977
0,1999,4898671955
0,2000,4901071925
0,2001,4903471904
0,2002,4905871881
0,2003,4908271851
0,2004,4910671829
0,2005,4913071799
0,2006,4915471778
0,2007,4917871757
0,2008,4920271727
0,2009,4922671705
0,2010,4925071673
0,2011,4927471653
0,2012,4929871632
0,2013,4932271601
0,2014,4934671579
0,2015,4937071549
0,2016,4939471528
0,2017,4941871506
0,2018,4944271475
0,2019,4946671455
0,2020,4949071423
0,2021,4951471401
0,2022,4953871379
0,2023,4956271350
0,2024,4958671329
0,2025,4961071299
0,2026,4963471276
0,2027,4965871255
0,2028,4968271225
0,2029,4970671204
0,2030,4973071172
0,2031,4975471150
0,2032,4977871130
0,2033,4980271100
0,2034,4982671078
0,2035,4985071048
0,2036,4987471026
0,2037,4989871004
0,2038,4992270975
0,2039,4994670952
0,2040,4997070921
0,2041,4999470901
0,2042,5001870879
0,2043,5004270849
0,2044,5006670827
0,2045,5009070796
0,2046,5011470776
0,2047,5013870753
0,2048,5016270724
0,2049,5018670702
0,2050,5021070672
0,2051,5023470651
0,2052,5025870628
0,2053,5028270597
0,2054,5030670577
0,2055,5033070545
0,2056,5035470523
0,2057,5037870503
0,2058,5040270472
0,2059,5042670451
0,2060,5045070421
0,2061,5047470399
0,2062,5049870378
0,2063,5052270347
0,2064,5054670326
0,2065,5057070296
0,2066,5059470274
0,2067,5061870253
0,2068,5064270223
0,2069,5066670202
0,2070,5069070171
0,2071,5071470149
0,2072,5073870127
0,2073,5076270097
0,2074,5078670077
0,2075,5081070046
0,2076,5083470023
0,2077,5085870002
0,2078,5088269973
0,2079,5090669952
0,2080,5093069923
0,2081,5095469900
0,2082,5097869878
0,2083,5100269849
0,2084,5102669828
0,2085,5105069798
0,2086,5107469775
0,2087,5109869754
0,2088,5112269725
0,2089,5114669703
0,2090,5117069672
0,2091,5119469651
0,2092,5121869629
0,2093,5124269600
0,2094,5126669579
0,2095,5129069549
0,2096,5131469527
0,2097,5133869506
0,2098,5136269476
0,2099,5138669455
0,2100,5141069423
0,2101,5143469402
0,2102,5145869381
0,2103,5148269351
0,2104,5150669330
0,2105,5153069299
0,2106,5155469279
0,2107,5157869259
0,2108,5160269227
0,2109,5162669207
0,2110,5165069176
0,2111,5167469155
0,2112,5169869134
0,2113,5172269102
0,2114,5174669082
0,2115,5177069051
0,2116,5179469030
0,2117,5181869009
0,2118,5184268977
0,2119,5186668957
0,2120,5189068926
0,2121,5191468905
0,2122,5193868885
0,2123,5196268854
0,2124,5198668833
0,2125,5201068802
0,2126,5203468781
0,2127,5205868760
0,2128,5208268729
0,2129,5210668708
0,2130,5213068678
0,2131,5215468656
0,2132,5217868635
0,2133,5220268606
0,2134,5222668585
0,2135,5225068553
0,2136,5227468532
0,2137,5229868510
0,2138,5232268481
0,2139,5234668459
0,2140,5237068429
0,2141,5239468407
0,2142,5241868384
0,2143,5244268355
0,2144,5246668334
0,2145,5249068303
0,2146,5251468282
0,2147,5253868260
0,2148,5256268231
0,2149,5258668208
0,2150,5261068178
0,2151,5263468157
0,2152,5265868136
0,2153,5268268106
0,2154,5270668085
0,2155,5273068054
0,2156,5275468032
0,2157,5277868011
0,2158,5280267982
0,2159,5282667960
0,2160,5285067930
0,2161,5287467909
0,2162,5289867888
0,2163,5292267858
0,2164,5294667836
0,2165,5297067806
0,2166,5299467785
0,2167,5301867764
0,2168,5304267735
0,2169,5306667713
0,2170,5309067683
0,2171,5311467661
0,2172,5313867640
0,2173,5316267609
0,2174,5318667588
0,2175,5321067558
0,2176,5323467537
0,2177,5325867517
0,2178,5328267486
0,2179,5330667465
0,2180,5333067434
0,2181,5335467414
0,2182,5337867393
0,2183,5340267363
0,2184,5342667342
0,2185,5345067312
0,2186,5347467291
0,2187,5349867269
0,2188,5352267239
0,2189,5354667218
0,2190,5357067188
0,2191,5359467167
0,2192,5361867146
0,2193,5364267115
0,2194,5366667095
0,2195,5369067065
0,2196,5371467042
0,2197,5373867021
0,2198,5376266992
0,2199,5378666971
0,2200,5381066941
0,2201,5383466919
0,2202,5385866897
0,2203,5388266868
0,2204,5390666848
0,2205,5393066817
0,2206,5395466795
0,2207,5397866773
0,2208,5400266744
0,2209,5402666723
0,2210,5405066692
0,2211,5407466671
0,2212,5409866649
0,2213,5412266620
0,2214,5414666600
0,2215,5417066569
0,2216,5419466547
0,2217,5421866526
0,2218,5424266497
0,2219,5426666476
0,2220,5429066445
0,2221,5431466424
0,2222,5433866404
0,2223,5436266374
0,2224,5438666353
0,2225,5441066323
0,2226,5443466302
0,2227,5445866280
0,2228,5448266251
0,2229,5450666229
0,2230,5453066198
0,2231,5455466177
0,2232,5457866157
0,2233,5460266128
0,2234,5462666106
0,2235,5465066076
0,2236,5467466055
0,2237,5469866034
0,2238,5472266004
0,2239,5474665984
0,2240,5477065952
0,2241,5479465931
0,2242,5481865910
0,2243,5484265881
0,2244,5486665859
0,2245,5489065829
0,2246,5491465808
0,2247,5493865787
0,2248,5496265757
0,2249,5498665735
0,2250,5501065705
0,2251,5503465684
0,2252,5505865663
0,2253,5508265633
0,2254,5510665612
0,2255,5513065583
0,2256,5515465561
0,2257,5517865540
0,2258,5520265509
0,2259,5522665488
0,2260,5525065458
0,2261,5527465438
0,2262,5529865417
0,2263,5532265387
0,2264,5534665366
0,2265,5537065336
0,2266,5539465315
0,2267,5541865295
0,2268,5544265264
0,2269,5546665243
0,2270,5549065213
0,2271,5551465193
0,2272,5553865171
0,2273,5556265142
0,2274,5558665121
0,2275,5561065092
0,2276,5563465070
0,2277,5565865049
0,2278,5568265018
0,2279,5570664998
0,2280,5573064968
0,2281,5575464947
0,2282,5577864926
0,2283,5580264896
0,2284,5582664875
0,2285,5585064845
0,2286,5587464824
0,2287,5589864802
0,2288,5592264773
0,2289,5594664752
0,2290,5597064722
0,2291,5599464701
0,2292,5601864680
0,2293,5604264651
0,2294,5606664630
0,2295,5609064600
0,2296,5611464579
0,2297,5613864556
0,2298,5616264528
0,2299,5618664506
0,2300,5621064477
0,2301,5623464456
0,2302,5625864434
0,2303,5628264406
0,2304,5630664384
0,2305,5633064355
0,2306,5635464333
0,2307,5637864311
0,2308,5640264282
0,2309,5642664261
0,2310,5645064231
0,2311,5647464210
0,2312,5649864189
0,2313,5652264160
0,2314,5654664139
0,2315,5657064109
0,2316,5659464088
0,2317,5661864066
0,2318,5664264037
0,2319,5666664016
0,2320,5669063986
0,2321,5671463965
0,2322,5673863944
0,2323,5676263915
0,2324,5678663892
0,2325,5681063863
0,2326,5683463842
0,2327,5685863820
0,2328,5688263791
0,2329,5690663770
0,2330,5693063740
0,2331,5695463719
0,2332,5697863698
0,2333,5700263669
0,2334,5702663648
0,2335,5705063618
0,2336,5707463597
0,2337,5709863576
0,2338,5712263547
0,2339,5714663525
0,2340,5717063495
0,2341,5719463474
0,2342,5721863454
0,2343,5724263425
0,2344,5726663403
0,2345,5729063373
0,2346,5731463353
0,2347,5733863331
0,2348,5736263302
0,2349,5738663280
0,2350,5741063250
0,2351,5743463230
0,2352,5745863209
0,2353,5748263180
0,2354,5750663159
0,2355,5753063130
0,2356,5755463108
0,2357,5757863085
0,2358,5760263057
0,2359,5762663036
0,2360,5765063007
0,2361,5767462985
0,2362,5769862965
0,2363,5772262937
0,2364,5774662915
0,2365,5777062886
0,2366,5779462866
0,2367,5781862843
0,2368,5784262814
0,2369,5786662794
0,2370,5789062764
0,2371,5791462743
0,2372,5793862722
0,2373,5796262693
0,2374,5798662672
0,2375,5801062642
0,2376,5803462621
0,2377,5805862600
0,2378,5808262570
0,2379,5810662549
0,2380,5813062519
0,2381,5815462499
0,2382,5817862478
0,2383,5820262448
0,2384,5822662428
0,2385,5825062398
0,2386,5827462377
0,2387,5829862356
0,2388,5832262326
0,2389,5834662305
0,2390,5837062276
0,2391,5839462255
0,2392,5841862234
0,2393,5844262205
0,2394,5846662185
0,2395,5849062155
0,2396,5851462134
0,2397,5853862113
0,2398,5856262083
0,2399,5858662062
0,2400,5861062032
0,2401,5863462012
0,2402,5865861991
0,2403,5868261961
0,2404,5870661941
0,2405,5873061911
0,2406,5875461890
0,2407,5877861869
0,2408,5880261839
0,2409,5882661818
0,2410,5885061789
0,2411,5887461769
0,2412,5889861747
0,2413,5892261718
0,2414,5894661698
0,2415,5897061668
0,2416,5899461647
0,2417,5901861626
0,2418,5904261596
0,2419,5906661575
0,2420,5909061546
0,2421,5911461525
0,2422,5913861504
0,2423,5916261476
0,2424,5918661454
0,2425,5921061425
0,2426,5923461405
0,2427,5925861383
0,2428,5928261353
0,2429,5930661333
0,2430,5933061303
0,2431,5935461282
0,2432,5937861262
0,2433,5940261232
0,2434,5942661211
0,2435,5945061183
0,2436,5947461161
0,2437,5949861140
0,2438,5952261111
0,2439,5954661090
0,2440,5957061060
0,2441,5959461040
0,2442,5961861018
0,2443,5964260988
0,2444,5966660968
0,2445,5969060938
0,2446,5971460916
0,2447,5973860897
0,2448,5976260868
0,2449,5978660847
0,2450,5981060818
0,2451,5983460795
0,2452,5985860775
0,2453,5988260746
0,2454,5990660725
0,2455,5993060696
0,2456,5995460674
0,2457,5997860653
0,2458,6000260625
0,2459,6002660603
0,2460,6005060574
0,2461,6007460553
0,2462,6009860532
0,2463,6012260504
0,2464,6014660483
0,2465,6017060453
0,2466,6019460432
0,2467,6021860411
0,2468,6024260382
0,2469,6026660363
0,2470,6029060332
0,2471,6031460311
0,2472,6033860290
0,2473,6036260261
0,2474,6038660241
0,2475,6041060211
0,2476,6043460190
0,2477,6045860169
0,2478,6048260140
0,2479,6050660121
0,2480,6053060090
0,2481,6055460068
0,2482,6057860048
0,2483,6060260019
0,2484,6062659999
0,2485,6065059970
0,2486,6067459948
0,2487,6069859928
0,2488,6072259898
0,2489,6074659879
0,2490,6077059848
0,2491,6079459826
0,2492,6081859806
0,2493,6084259778
0,2494,6086659757
0,2495,6089059728
0,2496,6091459706
0,2497,6093859686
0,2498,6096259657
0,2499,6098659637
0,2500,6101059607
0,2501,6103459586
0,2502,6105859564
0,2503,6108259536
0,2504,6110659516
0,2505,6113059486
0,2506,6115459465
0,2507,6117859445
0,2508,6120259416
0,2509,6122659396
0,2510,6125059365
0,2511,6127459345
0,2512,6129859323
0,2513,6132259294
0,2514,6134659274
0,2515,6137059245
0,2516,6139459224
0,2517,6141859203
0,2518,6144259175
0,2519,6146659154
0,2520,6149059124
0,2521,6151459103
0,2522,6153859081
0,2523,6156259054
0,2524,6158659033
0,2525,6161059004
0,2526,6163458982
0,2527,6165858962
0,2528,6168258934
0,2529,6170658913
0,2530,6173058884
0,2531,6175458862
0,2532,6177858841
0,2533,6180258812
0,2534,6182658792
0,2535,6185058764
0,2536,6187458742
0,2537,6189858722
0,2538,6192258693
0,2539,6194658673
0,2540,6197058644
0,2541,6199458623
0,2542,6201858602
0,2543,6204258573
0,2544,6206658552
0,2545,6209058521
0,2546,6211458500
0,2547,6213858480
0,2548,6216258452
0,2549,6218658431
0,2550,6221058402
0,2551,6223458380
0,2552,6225858360
0,2553,6228258331
0,2554,6230658312
0,2555,6233058281
0,2556,6235458260
0,2557,6237858239
0,2558,6240258212
0,2559,6242658191
0,2560,6245058161
0,2561,6247458140
0,2562,6249858120
0,2563,6252258091
0,2564,6254658071
0,2565,6257058041
0,2566,6259458020
0,2567,6261857999
0,2568,6264257970
0,2569,6266657950
0,2570,6269057921
0,2571,6271457900
0,2572,6273857878
0,2573,6276257850
0,2574,6278657829
0,2575,6281057800
0,2576,6283457779
0,2577,6285857759
0,2578,6288257729
0,2579,6290657709
0,2580,6293057680
0,2581,6295457660
0,2582,6297857639
0,2583,6300257610
0,2584,6302657589
0,2585,6305057561
0,2586,6307457540
0,2587,6309857519
0,2588,6312257489
0,2589,6314657469
0,2590,6317057440
0,2591,6319457420
0,2592,6321857399
0,2593,6324257370
0,2594,6326657349
0,2595,6329057321
0,2596,6331457300
0,2597,6333857280
0,2598,6336257249
0,2599,6338657230
0,2600,6341057200
0,2601,6343457180
0,2602,6345857159
0,2603,6348257131
0,2604,6350657110
0,2605,6353057081
0,2606,6355457060
0,2607,6357857040
0,2608,6360257011
0,2609,6362656991
0,2610,6365056961
0,2611,6367456940
0,2612,6369856920
0,2613,6372256891
0,2614,6374656871
0,2615,6377056841
0,2616,6379456821
0,2617,6381856800
0,2618,6384256771
0,2619,6386656751
0,2620,6389056721
0,2621,6391456702
0,2622,6393856681
0,2623,6396256653
0,2624,6398656632
0,2625,6401056604
0,2626,6403456583
0,2627,6405856563
0,2628,6408256533
0,2629,6410656513
0,2630,6413056483
0,2631,6415456464
0,2632,6417856443
0,2633,6420256413
0,2634,6422656393
0,2635,6425056364
0,2636,6427456343
0,2637,6429856322
0,2638,6432256293
0,2639,6434656272
0,2640,6437056243
0,2641,6439456222
0,2642,6441856201
0,2643,6444256173
0,2644,6446656152
0,2645,6449056124
0,2646,6451456103
0,2647,6453856083
0,2648,6456256053
0,2649,6458656034
0,2650,6461056005
0,2651,6463455985
0,2652,6465855965
0,2653,6468255935
0,2654,6470655915
0,2655,6473055885
0,2656,6475455865
0,2657,6477855845
0,2658,6480255817
0,2659,6482655796
0,2660,6485055766
0,2661,6487455746
0,2662,6489855726
0,2663,6492255697
0,2664,6494655677
0,2665,6497055647
0,2666,6499455628
0,2667,6501855606
0,2668,6504255578
0,2669,6506655557
0,2670,6509055528
0,2671,6511455508
0,2672,6513855487
0,2673,6516255460
0,2674,6518655439
0,2675,6521055409
0,2676,6523455389
0,2677,6525855368
0,2678,6528255340
0,2679,6530655319
0,2680,6533055290
0,2681,6535455270
0,2682,6537855249
0,2683,6540255222
0,2684,6542655201
0,2685,6545055171
0,2686,6547455151
0,2687,6549855130
0,2688,6552255102
0,2689,6554655081
0,2690,6557055052
0,2691,6559455032
0,2692,6561855011
0,2693,6564254982
0,2694,6566654961
0,2695,6569054932
0,2696,6571454912
0,2697,6573854892
0,2698,6576254863
0,2699,6578654843
0,2700,6581054814
0,2701,6583454793
0,2702,6585854773
0,2703,6588254744
0,2704,6590654724
0,2705,6593054695
0,2706,6595454674
0,2707,6597854654
0,2708,6600254626
0,2709,6602654606
0,2710,6605054577
0,2711,6607454556
0,2712,6609854536
0,2713,6612254508
0,2714,6614654487
0,2715,6617054459
0,2716,6619454437
0,2717,6621854417
0,2718,6624254390
0,2719,6626654369
0,2720,6629054341
0,2721,6631454320
0,2722,6633854300
0,2723,6636254271
0,2724,6638654252
0,2725,6641054222
0,2726,6643454201
0,2727,6645854181
0,2728,6648254153
0,2729,6650654133
0,2730,6653054104
0,2731,6655454083
0,2732,6657854063
0,2733,6660254034
0,2734,6662654015
0,2735,6665053985
0,2736,6667453963
0,2737,6669853945
0,2738,6672253916
0,2739,6674653895
0,2740,6677053867
0,2741,6679453847
0,2742,6681853827
0,2743,6684253798
0,2744,6686653778
0,2745,6689053748
0,2746,6691453729
0,2747,6693853708
0,2748,6696253679
0,2749,6698653659
0,2750,6701053630
0,2751,6703453610
0,2752,6705853590
0,2753,6708253561
0,2754,6710653541
0,2755,6713053512
0,2756,6715453492
0,2757,6717853472
0,2758,6720253443
0,2759,6722653423
0,2760,6725053395
0,2761,6727453374
0,2762,6729853354
0,2763,6732253326
0,2764,6734653305
0,2765,6737053276
0,2766,6739453257
0,2767,6741853237
0,2768,6744253206
0,2769,6746653188
0,2770,6749053158
0,2771,6751453138
0,2772,6753853117
0,2773,6756253090
0,2774,6758653068
0,2775,6761053040
0,2776,6763453020
0,2777,6765853000
0,2778,6768252972
0,2779,6770652951
0,2780,6773052923
0,2781,6775452902
0,2782,6777852881
0,2783,6780252854
0,2784,6782652832
0,2785,6785052804
0,2786,6787452784
0,2787,6789852763
0,2788,6792252735
0,2789,6794652714
0,2790,6797052685
0,2791,6799452665
0,2792,6801852646
0,2793,6804252617
0,2794,6806652598
0,2795,6809052567
0,2796,6811452547
0,2797,6813852528
0,2798,6816252500
0,2799,6818652479
0,2800,6821052452
0,2801,6823452431
0,2802,6825852410
0,2803,6828252383
0,2804,6830652363
0,2805,6833052334
0,2806,6835452313
0,2807,6837852292
0,2808,6840252265
0,2809,6842652245
0,2810,6845052216
0,2811,6847452195
0,2812,6849852175
0,2813,6852252148
0,2814,6854652127
0,2815,6857052099
0,2816,6859452078
0,2817,6861852058
0,2818,6864252029
0,2819,6866652009
0,2820,6869051981
0,2821,6871451960
0,2822,6873851939
0,2823,6876251912
0,2824,6878651892
0,2825,6881051864
0,2826,6883451843
0,2827,6885851823
0,2828,6888251795
0,2829,6890651775
0,2830,6893051745
0,2831,6895451725
0,2832,6897851704
0,2833,6900251676
0,2834,6902651655
0,2835,6905051627
0,2836,6907451607
0,2837,6909851587
0,2838,6912251558
0,2839,6914651538
0,2840,6917051510
0,2841,6919451490
0,2842,6921851470
0,2843,6924251440
0,2844,6926651420
0,2845,6929051392
0,2846,6931451372
0,2847,6933851352
0,2848,6936251323
0,2849,6938651303
0,2850,6941051275
0,2851,6943451255
0,2852,6945851234
0,2853,6948251206
0,2854,6950651186
0,2855,6953051157
0,2856,6955451138
0,2857,6957851116
0,2858,6960251089
0,2859,6962651068
0,2860,6965051040
0,2861,6967451019
0,2862,6969851000
0,2863,6972250972
0,2864,6974650952
0,2865,6977050923
0,2866,6979450903
0,2867,6981850883
0,2868,6984250855
0,2869,6986650834
0,2870,6989050806
0,2871,6991450785
0,2872,6993850765
0,2873,6996250738
0,2874,6998650718
0,2875,7001050690
0,2876,7003450669
0,2877,7005850647
0,2878,7008250620
0,2879,7010650600
0,2880,7013050571
0,2881,7015450551
0,2882,7017850529
0,2883,7020250502
0,2884,7022650482
0,2885,7025050454
0,2886,7027450433
0,2887,7029850414
0,2888,7032250386
0,2889,7034650367
0,2890,7037050338
0,2891,7039450318
0,2892,7041850299
0,2893,7044250269
0,2894,7046650249
0,2895,7049050221
0,2896,7051450201
0,2897,7053850181
0,2898,7056250153
0,2899,7058650132
0,2900,7061050104
0,2901,7063450084
0,2902,7065850064
0,2903,7068250036
0,2904,7070650016
0,2905,7073049986
0,2906,7075449967
0,2907,7077849947
0,2908,7080249919
0,2909,7082649899
0,2910,7085049871
0,2911,7087449851
0,2912,7089849830
0,2913,7092249803
0,2914,7094649782
0,2915,7097049754
0,2916,7099449734
0,2917,7101849714
0,2918,7104249685
0,2919,7106649665
0,2920,7109049636
0,2921,7111449616
0,2922,7113849597
0,2923,7116249570
0,2924,7118649549
0,2925,7121049520
0,2926,7123449500
0,2927,7125849480
0,2928,7128249453
0,2929,7130649432
0,2930,7133049404
0,2931,7135449384
0,2932,7137849364
0,2933,7140249335
0,2934,7142649316
0,2935,7145049288
0,2936,7147449268
0,2937,7149849248
0,2938,7152249221
0,2939,7154649201
0,2940,7157049173
0,2941,7159449151
0,2942,7161849131
0,2943,7164249103
0,2944,7166649085
0,2945,7169049055
0,2946,7171449036
0,2947,7173849015
0,2948,7176248988
0,2949,7178648967
0,2950,7181048939
0,2951,7183448919
0,2952,7185848899
0,2953,7188248871
0,2954,7190648852
0,2955,7193048823
0,2956,7195448804
0,2957,7197848784
0,2958,7200248755
0,2959,7202648734
0,2960,7205048706
0,2961,7207448686
0,2962,7209848666
0,2963,7212248638
0,2964,7214648619
0,2965,7217048590
0,2966,7219448571
0,2967,7221848551
0,2968,7224248524
0,2969,7226648502
0,2970,7229048473
0,2971,7231448454
0,2972,7233848434
0,2973,7236248406
0,2974,7238648386
0,2975,7241048358
0,2976,7243448338
0,2977,7245848319
0,2978,7248248292
0,2979,7250648271
0,2980,7253048241
0,2981,7255448221
0,2982,7257848202
0,2983,7260248174
0,2984,7262648155
0,2985,7265048126
0,2986,7267448105
0,2987,7269848085
0,2988,7272248058
0,2989,7274648039
0,2990,7277048011
0,2991,7279447990
0,2992,7281847970
0,2993,7284247943
0,2994,7286647923
0,2995,7289047894
0,2996,7291447873
0,2997,7293847853
0,2998,7296247826
0,2999,7298647806
0,3000,7301047778
0,3001,7303447758
0,3002,7305847738
0,3003,7308247709
0,3004,7310647690
0,3005,7313047662
0,3006,7315447642
0,3007,7317847622
0,3008,7320247594
0,3009,7322647574
0,3010,7325047545
0,3011,7327447527
0,3012,7329847506
0,3013,7332247477
0,3014,7334647458
0,3015,7337047430
0,3016,7339447410
0,3017,7341847391
0,3018,7344247364
0,3019,7346647343
0,3020,7349047315
0,3021,7351447295
0,3022,7353847275
0,3023,7356247247
0,3024,7358647228
0,3025,7361047199
0,3026,7363447178
0,3027,7365847158
0,3028,7368247131
0,3029,7370647111
0,3030,7373047082
0,3031,7375447063
0,3032,7377847043
0,3033,7380247016
0,3034,7382646996
0,3035,7385046968
0,3036,7387446948
0,3037,7389846928
0,3038,7392246900
0,3039,7394646880
0,3040,7397046852
0,3041,7399446831
0,3042,7401846812
0,3043,7404246785
0,3044,7406646765
0,3045,7409046737
0,3046,7411446716
0,3047,7413846698
0,3048,7416246670
0,3049,7418646650
0,3050,7421046622
0,3051,7423446602
0,3052,7425846582
0,3053,7428246554
0,3054,7430646534
0,3055,7433046506
0,3056,7435446486
0,3057,7437846466
0,3058,7440246438
0,3059,7442646419
0,3060,7445046391
0,3061,7447446371
0,3062,7449846350
0,3063,7452246322
0,3064,7454646303
0,3065,7457046275
0,3066,7459446256
0,3067,7461846234
0,3068,7464246207
0,3069,7466646187
0,3070,7469046159
0,3071,7471446139
0,3072,7473846119
0,3073,7476246092
0,3074,7478646072
0,3075,7481046045
0,3076,7483446024
0,3077,7485846004
0,3078,7488245977
0,3079,7490645959
0,3080,7493045930
0,3081,7495445910
0,3082,7497845889
0,3083,7500245862
0,3084,7502645843
0,3085,7505045815
0,3086,7507445794
0,3087,7509845774
0,3088,7512245747
0,3089,7514645728
0,3090,7517045700
0,3091,7519445680
0,3092,7521845661
0,3093,7524245632
0,3094,7526645613
0,3095,7529045584
0,3096,7531445564
0,3097,7533845545
0,3098,7536245518
0,3099,7538645498
0,3100,7541045470
0,3101,7543445450
0,3102,7545845431
0,3103,7548245404
0,3104,7550645383
0,3105,7553045355
0,3106,7555445336
0,3107,7557845316
0,3108,7560245288
0,3109,7562645267
0,3110,7565045239
0,3111,7567445220
0,3112,7569845200
0,3113,7572245173
0,3114,7574645152
0,3115,7577045125
0,3116,7579445105
0,3117,7581845086
0,3118,7584245059
0,3119,7586645040
0,3120,7589045012
0,3121,7591444991
0,3122,7593844970
0,3123,7596244943
0,3124,7598644924
0,3125,7601044896
0,3126,7603444875
0,3127,7605844856
0,3128,7608244829
0,3129,7610644809
0,3130,7613044782
0,3131,7615444762
0,3132,7617844743
0,3133,7620244715
0,3134,7622644695
0,3135,7625044666
0,3136,7627444648
0,3137,7629844627
0,3138,7632244599
0,3139,7634644580
0,3140,7637044552
0,3141,7639444532
0,3142,7641844513
0,3143,7644244486
0,3144,7646644466
0,3145,7649044438
0,3146,7651444418
0,3147,7653844399
0,3148,7656244372
0,3149,7658644351
0,3150,7661044322
0,3151,7663444304
0,3152,7665844283
0,3153,7668244258
0,3154,7670644238
0,3155,7673044211
0,3156,7675444190
0,3157,7677844170
0,3158,7680244143
0,3159,7682644124
0,3160,7685044096
0,3161,7687444075
0,3162,7689844057
0,3163,7692244029
0,3164,7694644010
0,3165,7697043981
0,3166,7699443963
0,3167,7701843942
0,3168,7704243914
0,3169,7706643895
0,3170,7709043868
0,3171,7711443848
0,3172,7713843828
0,3173,7716243801
0,3174,7718643781
0,3175,7721043753
0,3176,7723443733
0,3177,7725843714
0,3178,7728243687
0,3179,7730643667
0,3180,7733043638
0,3181,7735443620
0,3182,7737843599
0,3183,7740243572
0,3184,7742643552
0,3185,7745043524
0,3186,7747443505
0,3187,7749843486
0,3188,7752243459
0,3189,7754643439
0,3190,7757043411
0,3191,7759443391
0,3192,7761843371
0,3193,7764243344
0,3194,7766643326
0,3195,7769043297
0,3196,7771443277
0,3197,7773843257
0,3198,7776243230
0,3199,7778643210
0,3200,7781043183
0,3201,7783443164
0,3202,7785843144
0,3203,7788243116
0,3204,7790643097
0,3205,7793043069
0,3206,7795443050
0,3207,7797843031
0,3208,7800243002
0,3209,7802642983
0,3210,7805042954
0,3211,7807442936
0,3212,7809842916
0,3213,7812242889
0,3214,7814642869
0,3215,7817042841
0,3216,7819442822
0,3217,7821842802
0,3218,7824242775
0,3219,7826642755
0,3220,7829042726
0,3221,7831442706
0,3222,7833842688
0,3223,7836242660
0,3224,7838642642
0,3225,7841042613
0,3226,7843442594
0,3227,7845842573
0,3228,7848242546
0,3229,7850642528
0,3230,7853042500
0,3231,7855442479
0,3232,7857842460
0,3233,7860242433
0,3234,7862642413
0,3235,7865042387
0,3236,7867442367
0,3237,7869842347
0,3238,7872242319
0,3239,7874642300
0,3240,7877042272
0,3241,7879442254
0,3242,7881842234
0,3243,7884242206
0,3244,7886642187
0,3245,7889042160
0,3246,7891442140
0,3247,7893842120
0,3248,7896242093
0,3249,7898642073
0,3250,7901042046
0,3251,7903442026
0,3252,7905842007
0,3253,7908241980
0,3254,7910641959
0,3255,7913041932
0,3256,7915441913
0,3257,7917841892
0,3258,7920241866
0,3259,7922641847
0,3260,7925041819
0,3261,7927441799
0,3262,7929841779
0,3263,7932241752
0,3264,7934641734
0,3265,7937041706
0,3266,7939441686
0,3267,7941841667
0,3268,7944241640
0,3269,7946641621
0,3270,7949041592
0,3271,7951441573
0,3272,7953841553
0,3273,7956241526
0,3274,7958641506
0,3275,7961041479
0,3276,7963441459
0,3277,7965841441
0,3278,7968241414
0,3279,7970641393
0,3280,7973041365
0,3281,7975441347
0,3282,7977841327
0,3283,7980241301
0,3284,7982641280
0,3285,7985041253
0,3286,7987441234
0,3287,7989841213
0,3288,7992241187
0,3289,7994641167
0,3290,7997041140
0,3291,7999441120
0,3292,8001841100
0,3293,8004241073
0,3294,8006641055
0,3295,8009041027
0,3296,8011441008
0,3297,8013840988
0,3298,8016240961
0,3299,8018640942
0,3300,8021040914
0,3301,8023440896
0,3302,8025840876
0,3303,8028240847
0,3304,8030640829
0,3305,8033040801
0,3306,8035440782
0,3307,8037840762
0,3308,8040240735
0,3309,8042640716
0,3310,8045040688
0,3311,8047440668
0,3312,8049840649
0,3313,8052240623
0,3314,8054640603
0,3315,8057040575
0,3316,8059440557
0,3317,8061840537
0,3318,8064240509
0,3319,8066640491
0,3320,8069040463
0,3321,8071440444
0,3322,8073840423
0,3323,8076240396
0,3324,8078640378
0,3325,8081040350
0,3326,8083440331
0,3327,8085840312
0,3328,8088240284
0,3329,8090640265
0,3330,8093040239
0,3331,8095440220
0,3332,8097840200
0,3333,8100240171
0,3334,8102640154
0,3335,8105040125
0,3336,8107440107
0,3337,8109840086
0,3338,8112240060
0,3339,8114640040
0,3340,8117040012
0,3341,8119439994
0,3342,8121839974
0,3343,8124239948
0,3344,8126639928
0,3345,8129039901
0,3346,8131439881
0,3347,8133839862
0,3348,8136239836
0,3349,8138639817
0,3350,8141039791
0,3351,8143439770
0,3352,8145839750
0,3353,8148239723
0,3354,8150639704
0,3355,8153039677
0,3356,8155439657
0,3357,8157839639
0,3358,8160239611
0,3359,8162639592
0,3360,8165039565
0,3361,8167439545
0,3362,8169839526
0,3363,8172239500
0,3364,8174639480
0,3365,8177039453
0,3366,8179439435
0,3367,8181839415
0,3368,8184239387
0,3369,8186639369
0,3370,8189039340
0,3371,8191439321
0,3372,8193839302
0,3373,8196239276
0,3374,8198639256
0,3375,8201039230
0,3376,8203439209
0,3377,8205839190
0,3378,8208239164
0,3379,8210639144
0,3380,8213039117
0,3381,8215439097
0,3382,8217839079
0,3383,8220239050
0,3384,8222639033
0,3385,8225039004
0,3386,8227438986
0,3387,8229838966
0,3388,8232238939
0,3389,8234638919
0,3390,8237038892
0,3391,8239438873
0,3392,8241838854
0,3393,8244238828
0,3394,8246638807
0,3395,8249038781
0,3396,8251438761
0,3397,8253838742
0,3398,8256238716
0,3399,8258638696
0,3400,8261038669
0,3401,8263438650
0,3402,8265838629
0,3403,8268238604
0,3404,8270638584
0,3405,8273038556
0,3406,8275438537
0,3407,8277838518
0,3408,8280238491
0,3409,8282638472
0,3410,8285038445
0,3411,8287438425
0,3412,8289838407
0,3413,8292238379
0,3414,8294638361
0,3415,8297038332
0,3416,8299438312
0,3417,8301838293
0,3418,8304238266
0,3419,8306638247
0,3420,8309038220
0,3421,8311438201
0,3422,8313838182
0,3423,8316238155
0,3424,8318638135
0,3425,8321038108
0,3426,8323438089
0,3427,8325838070
0,3428,8328238044
0,3429,8330638024
0,3430,8333037998
0,3431,8335437977
0,3432,8337837958
0,3433,8340237931
0,3434,8342637911
0,3435,8345037883
0,3436,8347437865
0,3437,8349837845
0,3438,8352237818
0,3439,8354637798
0,3440,8357037772
0,3441,8359437752
0,3442,8361837734
0,3443,8364237707
0,3444,8366637687
0,3445,8369037660
0,3446,8371437641
0,3447,8373837622
0,3448,8376237596
0,3449,8378637575
0,3450,8381037549
0,3451,8383437529
0,3452,8385837511
0,3453,8388237483
0,3454,8390637466
0,3455,8393037437
0,3456,8395437418
0,3457,8397837398
0,3458,8400237372
0,3459,8402637353
0,3460,8405037326
0,3461,8407437307
0,3462,8409837288
0,3463,8412237260
0,3464,8414637242
0,3465,8417037214
0,3466,8419437196
0,3467,8421837177
0,3468,8424237151
0,3469,8426637131
0,3470,8429037104
0,3471,8431437085
0,3472,8433837064
0,3473,8436237038
0,3474,8438637017
0,3475,8441036991
0,3476,8443436971
0,3477,8445836952
0,3478,8448236926
0,3479,8450636907
0,3480,8453036880
0,3481,8455436860
0,3482,8457836842
0,3483,8460236815
0,3484,8462636797
0,3485,8465036769
0,3486,8467436751
0,3487,8469836731
0,3488,8472236704
0,3489,8474636685
0,3490,8477036658
0,3491,8479436640
0,3492,8481836619
0,3493,8484236593
0,3494,8486636572
0,3495,8489036546
0,3496,8491436526
0,3497,8493836508
0,3498,8496236481
0,3499,8498636462
0,3500,8501036435
0,3501,8503436416
0,3502,8505836397
0,3503,8508236371
0,3504,8510636352
0,3505,8513036325
0,3506,8515436305
0,3507,8517836286
0,3508,8520236261
0,3509,8522636243
0,3510,8525036215
0,3511,8527436196
0,3512,8529836177
0,3513,8532236150
0,3514,8534636131
0,3515,8537036104
0,3516,8539436085
0,3517,8541836066
0,3518,8544236041
0,3519,8546636020
0,3520,8549035994
0,3521,8551435974
0,3522,8553835956
0,3523,8556235929
0,3524,8558635911
0,3525,8561035884
0,3526,8563435864
0,3527,8565835844
0,3528,8568235818
0,3529,8570635799
0,3530,8573035772
0,3531,8575435753
0,3532,8577835735
0,3533,8580235707
0,3534,8582635689
0,3535,8585035661
0,3536,8587435643
0,3537,8589835624
0,3538,8592235597
0,3539,8594635578
0,3540,8597035551
0,3541,8599435532
0,3542,8601835514
0,3543,8604235486
0,3544,8606635468
0,3545,8609035439
0,3546,8611435422
0,3547,8613835402
0,3548,8616235376
0,3549,8618635357
0,3550,8621035330
0,3551,8623435310
0,3552,8625835292
0,3553,8628235265
0,3554,8630635247
0,3555,8633035220
0,3556,8635435201
0,3557,8637835182
0,3558,8640235155
0,3559,8642635137
0,3560,8645035109
0,3561,8647435091
0,3562,8649835072
0,3563,8652235045
0,3564,8654635026
0,3565,8657034998
0,3566,8659434980
0,3567,8661834961
0,3568,8664234934
0,3569,8666634916
0,3570,8669034889
0,3571,8671434869
0,3572,8673834850
0,3573,8676234824
0,3574,8678634806
0,3575,8681034778
0,3576,8683434760
0,3577,8685834741
0,3578,8688234714
0,3579,8690634695
0,3580,8693034669
0,3581,8695434650
0,3582,8697834631
0,3583,8700234603
0,3584,8702634585
0,3585,8705034558
0,3586,8707434539
0,3587,8709834520
0,3588,8712234494
0,3589,8714634474
0,3590,8717034448
0,3591,8719434428
0,3592,8721834410
0,3593,8724234384
0,3594,8726634365
0,3595,8729034338
0,3596,8731434320
0,3597,8733834300
0,3598,8736234275
0,3599,8738634257
0,3600,8741034229
0,3601,8743434211
0,3602,8745834192
0,3603,8748234164
0,3604,8750634147
0,3605,8753034118
0,3606,8755434101
0,3607,8757834081
0,3608,8760234055
0,3609,8762634034
0,3610,8765034008
0,3611,8767433989
0,3612,8769833970
0,3613,8772233945
0,3614,8774633925
0,3615,8777033899
0,3616,8779433879
0,3617,8781833859
0,3618,8784233834
0,3619,8786633815
0,3620,8789033788
0,3621,8791433770
0,3622,8793833751
0,3623,8796233723
0,3624,8798633705
0,3625,8801033677
0,3626,8803433660
0,3627,8805833640
0,3628,8808233614
0,3629,8810633594
0,3630,8813033568
0,3631,8815433549
0,3632,8817833530
0,3633,8820233505
0,3634,8822633485
0,3635,8825033459
0,3636,8827433440
0,3637,8829833421
0,3638,8832233395
0,3639,8834633376
0,3640,8837033349
0,3641,8839433331
0,3642,8841833312
0,3643,8844233284
0,3644,8846633266
0,3645,8849033239
0,3646,8851433222
0,3647,8853833201
0,3648,8856233176
0,3649,8858633157
0,3650,8861033128
0,3651,8863433110
0,3652,8865833092
0,3653,8868233066
0,3654,8870633047
0,3655,8873033022
0,3656,8875433001
0,3657,8877832983
0,3658,8880232957
0,3659,8882632938
0,3660,8885032912
0,3661,8887432892
0,3662,8889832875
0,3663,8892232847
0,3664,8894632829
0,3665,8897032801
0,3666,8899432783
0,3667,8901832764
0,3668,8904232739
0,3669,8906632718
0,3670,8909032692
0,3671,8911432674
0,3672,8913832654
0,3673,8916232629
0,3674,8918632610
0,3675,8921032583
0,3676,8923432564
0,3677,8925832545
0,3678,8928232520
0,3679,8930632501
0,3680,8933032475
0,3681,8935432455
0,3682,8937832438
0,3683,8940232410
0,3684,8942632393
0,3685,8945032366
0,3686,8947432348
0,3687,8949832328
0,3688,8952232303
0,3689,8954632282
0,3690,8957032256
0,3691,8959432238
0,3692,8961832219
0,3693,8964232193
0,3694,8966632174
0,3695,8969032149
0,3696,8971432128
0,3697,8973832110
0,3698,8976232085
0,3699,8978632066
0,3700,8981032039
0,3701,8983432020
0,3702,8985832002
0,3703,8988231975
0,3704,8990631957
0,3705,8993031929
0,3706,8995431912
0,3707,8997831893
0,3708,9000231866
0,3709,9002631847
0,3710,9005031821
0,3711,9007431801
0,3712,9009831783
0,3713,9012231758
0,3714,9014631738
0,3715,9017031712
0,3716,9019431693
0,3717,9021831675
0,3718,9024231649
0,3719,9026631630
0,3720,9029031604
0,3721,9031431585
0,3722,9033831567
0,3723,9036231540
0,3724,9038631521
0,3725,9041031495
0,3726,9043431476
0,3727,9045831458
0,3728,9048231431
0,3729,9050631413
0,3730,9053031385
0,3731,9055431367
0,3732,9057831348
0,3733,9060231323
0,3734,9062631304
0,3735,9065031277
0,3736,9067431259
0,3737,9069831240
0,3738,9072231214
0,3739,9074631195
0,3740,9077031169
0,3741,9079431152
0,3742,9081831132
0,3743,9084231105
0,3744,9086631087
0,3745,9089031061
0,3746,9091431042
0,3747,9093831023
0,3748,9096230997
0,3749,9098630978
0,3750,9101030951
0,3751,9103430933
0,3752,9105830914
0,3753,9108230888
0,3754,9110630870
0,3755,9113030843
0,3756,9115430825
0,3757,9117830805
0,3758,9120230780
0,3759,9122630762
0,3760,9125030735
0,3761,9127430717
0,3762,9129830698
0,3763,9132230672
0,3764,9134630652
0,3765,9137030626
0,3766,9139430609
0,3767,9141830590
0,3768,9144230565
0,3769,9146630544
0,3770,9149030518
0,3771,9151430500
0,3772,9153830481
0,3773,9156230455
0,3774,9158630438
0,3775,9161030411
0,3776,9163430393
0,3777,9165830373
0,3778,9168230347
0,3779,9170630329
0,3780,9173030303
0,3781,9175430285
0,3782,9177830266
0,3783,9180230239
0,3784,9182630221
0,3785,9185030195
0,3786,9187430177
0,3787,9189830158
0,3788,9192230132
0,3789,9194630112
0,3790,9197030086
0,3791,9199430068
0,3792,9201830050
0,3793,9204230023
0,3794,9206630005
0,3795,9209029978
0,3796,9211429961
0,3797,9213829943
0,3798,9216229916
0,3799,9218629897
0,3800,9221029871
0,3801,9223429853
0,3802,9225829834
0,3803,9228229806
0,3804,9230629787
0,3805,9233029761
0,3806,9235429744
0,3807,9237829724
0,3808,9240229698
0,3809,9242629680
0,3810,9245029654
0,3811,9247429636
0,3812,9249829616
0,3813,9252229591
0,3814,9254629572
0,3815,9257029546
0,3816,9259429528
0,3817,9261829509
0,3818,9264229482
0,3819,9266629465
0,3820,9269029437
0,3821,9271429420
0,3822,9273829400
0,3823,9276229374
0,3824,9278629355
0,3825,9281029328
0,3826,9283429311
0,3827,9285829291
0,3828,9288229267
0,3829,9290629248
0,3830,9293029222
0,3831,9295429203
0,3832,9297829184
0,3833,9300229159
0,3834,9302629140
0,3835,9305029114
0,3836,9307429097
0,3837,9309829078
0,3838,9312229051
0,3839,9314629032
0,3840,9317029006
0,3841,9319428988
0,3842,9321828970
0,3843,9324228944
0,3844,9326628925
0,3845,9329028899
0,3846,9331428880
0,3847,9333828861
0,3848,9336228836
0,3849,9338628818
0,3850,9341028791
0,3851,9343428773
0,3852,9345828754
0,3853,9348228728
0,3854,9350628709
0,3855,9353028683
0,3856,9355428666
0,3857,9357828645
0,3858,9360228620
0,3859,9362628601
0,3860,9365028575
0,3861,9367428558
0,3862,9369828540
0,3863,9372228515
0,3864,9374628495
0,3865,9377028469
0,3866,9379428449
0,3867,9381828431
0,3868,9384228405
0,3869,9386628388
0,3870,9389028361
0,3871,9391428343
0,3872,9393828323
0,3873,9396228297
0,3874,9398628280
0,3875,9401028254
0,3876,9403428237
0,3877,9405828217
0,3878,9408228192
0,3879,9410628173
0,3880,9413028147
0,3881,9415428129
0,3882,9417828110
0,3883,9420228085
0,3884,9422628067
0,3885,9425028041
0,3886,9427428023
0,3887,9429828004
0,3888,9432227977
0,3889,9434627959
0,3890,9437027933
0,3891,9439427915
0,3892,9441827896
0,3893,9444227871
0,3894,9446627852
0,3895,9449027825
0,3896,9451427808
0,3897,9453827788
0,3898,9456227763
0,3899,9458627745
0,3900,9461027719
0,3901,9463427701
0,3902,9465827682
0,3903,9468227656
0,3904,9470627638
0,3905,9473027612
0,3906,9475427594
0,3907,9477827575
0,3908,9480227550
0,3909,9482627531
0,3910,9485027505
0,3911,9487427488
0,3912,9489827468
0,3913,9492227443
0,3914,9494627425
0,3915,9497027400
0,3916,9499427380
0,3917,9501827361
0,3918,9504227335
0,3919,9506627318
0,3920,9509027291
0,3921,9511427274
0,3922,9513827254
0,3923,9516227228
0,3924,9518627210
0,3925,9521027184
0,3926,9523427167
0,3927,9525827148
0,3928,9528227122
0,3929,9530627103
0,3930,9533027078
0,3931,9535427060
0,3932,9537827041
0,3933,9540227016
0,3934,9542626997
0,3935,9545026972
0,3936,9547426954
0,3937,9549826935
0,3938,9552226909
0,3939,9554626891
0,3940,9557026866
0,3941,9559426847
0,3942,9561826829
0,3943,9564226803
0,3944,9566626785
0,3945,9569026758
0,3946,9571426741
0,3947,9573826721
0,3948,9576226697
0,3949,9578626678
0,3950,9581026654
0,3951,9583426635
0,3952,9585826617
0,3953,9588226591
0,3954,9590626573
0,3955,9593026547
0,3956,9595426529
0,3957,9597826510
0,3958,9600226485
0,3959,9602626466
0,3960,9605026440
0,3961,9607426423
0,3962,9609826404
0,3963,9612226379
0,3964,9614626361
0,3965,9617026335
0,3966,9619426316
0,3967,9621826297
0,3968,9624226272
0,3969,9626626254
0,3970,9629026229
0,3971,9631426210
0,3972,9633826192
0,3973,9636226165
0,3974,9638626148
0,3975,9641026121
0,3976,9643426103
0,3977,9645826084
0,3978,9648226059
0,3979,9650626041
0,3980,9653026015
0,3981,9655425997
0,3982,9657825978
0,3983,9660225953
0,3984,9662625935
0,3985,9665025909
0,3986,9667425891
0,3987,9669825872
0,3988,9672225846
0,3989,9674625829
0,3990,9677025803
0,3991,9679425786
0,3992,9681825767
0,3993,9684225742
0,3994,9686625723
0,3995,9689025698
0,3996,9691425679
0,3997,9693825660
0,3998,9696225634
0,3999,9698625617
0,4000,9701025590
0,4001,9703425573
0,4002,9705825554
0,4003,9708225528
0,4004,9710625510
0,4005,9713025484
0,4006,9715425467
0,4007,9717825448
0,4008,9720225423
0,4009,9722625404
0,4010,9725025378
0,4011,9727425361
0,4012,9729825342
0,4013,9732225317
0,4014,9734625299
0,4015,9737025273
0,4016,9739425256
0,4017,9741825237
0,4018,9744225211
0,4019,9746625193
0,4020,9749025167
0,4021,9751425150
0,4022,9753825131
0,4023,9756225106
0,4024,9758625087
0,4025,9761025061
0,4026,9763425043
0,4027,9765825025
0,4028,9768224999
0,4029,9770624982
0,4030,9773024955
0,4031,9775424937
0,4032,9777824919
0,4033,9780224893
0,4034,9782624875
0,4035,9785024849
0,4036,9787424832
0,4037,9789824813
0,4038,9792224788
0,4039,9794624770
0,4040,9797024744
0,4041,9799424727
0,4042,9801824708
0,4043,9804224683
0,4044,9806624665
0,4045,9809024640
0,4046,9811424622
0,4047,9813824603
0,4048,9816224578
0,4049,9818624560
0,4050,9821024534
0,4051,9823424517
0,4052,9825824498
0,4053,9828224473
0,4054,9830624454
0,4055,9833024428
0,4056,9835424410
0,4057,9837824392
0,4058,9840224366
0,4059,9842624349
0,4060,9845024322
0,4061,9847424304
0,4062,9849824286
0,4063,9852224260
0,4064,9854624242
0,4065,9857024217
0,4066,9859424200
0,4067,9861824180
0,4068,9864224156
0,4069,9866624137
0,4070,9869024111
0,4071,9871424094
0,4072,9873824075
0,4073,9876224051
0,4074,9878624033
0,4075,9881024007
0,4076,9883423989
0,4077,9885823971
0,4078,9888223945
0,4079,9890623927
0,4080,9893023902
0,4081,9895423885
0,4082,9897823865
0,4083,9900223840
0,4084,9902623822
0,4085,9905023796
0,4086,9907423778
0,4087,9909823760
0,4088,9912223734
0,4089,9914623717
0,4090,9917023690
0,4091,9919423672
0,4092,9921823654
0,4093,9924223630
0,4094,9926623612
0,4095,9929023586
0,4096,9931423569
0,4097,9933823550
0,4098,9936223525
0,4099,9938623506
0,4100,9941023480
0,4101,9943423463
0,4102,9945823444
0,4103,9948223420
0,4104,9950623402
0,4105,9953023376
0,4106,9955423358
0,4107,9957823340
0,4108,9960223315
0,4109,9962623297
0,4110,9965023271
0,4111,9967423254
0,4112,9969823235
0,4113,9972223211
0,4114,9974623192
0,4115,9977023166
0,4116,9979423148
0,4117,9981823130
0,4118,9984223105
0,4119,9986623087
0,4120,9989023062
0,4121,9991423043
0,4122,9993823026
0,4123,9996223000
0,4124,9998622983
0,4125,10001022956
0,4126,10003422939
0,4127,10005822920
0,4128,10008222896
0,4129,10010622877
0,4130,10013022852
0,4131,10015422835
0,4132,10017822817
0,4133,10020222792
0,4134,10022622774
0,4135,10025022748
0,4136,10027422730
0,4137,10029822712
0,4138,10032222687
0,4139,10034622669
0,4140,10037022643
0,4141,10039422626
0,4142,10041822607
0,4143,10044222583
0,4144,10046622564
0,4145,10049022539
0,4146,10051422522
0,4147,10053822503
0,4148,10056222478
0,4149,10058622460
0,4150,10061022435
0,4151,10063422416
0,4152,10065822399
0,4153,10068222373
0,4154,10070622356
0,4155,10073022330
0,4156,10075422312
0,4157,10077822294
0,4158,10080222269
0,4159,10082622251
0,4160,10085022225
0,4161,10087422208
0,4162,10089822189
0,4163,10092222164
0,4164,10094622146
0,4165,10097022121
0,4166,10099422104
