0,685,665,2.000000,0,12000000000,2.000000,1.962667,2000,3000000,2944000,handover_eval
1,722,680,2.000000,10000000000,12000000000,1.938000,1.901824,1938,2907000,2852736,handover_eval
2,707,680,2.000000,20000000000,12000000000,1.898000,1.862571,1898,2847000,2793856,handover_eval
3,637,663,2.000000,30000000000,12000000000,2.000000,1.962667,2000,3000000,2944000,handover_eval
4,671,699,2.000000,40000000000,12000000000,2.000000,1.962667,2000,3000000,2944000,handover_eval
5,638,657,2.000000,50000000000,12000000000,2.000000,1.962667,2000,3000000,2944000,handover_eval
6,675,628,2.000000,60000000000,12000000000,2.000000,1.962667,2000,3000000,2944000,handover_eval
7,707,662,2.000000,70000000000,12000000000,2.000000,1.962667,2000,3000000,2944000,handover_eval
8,671,648,2.000000,80000000000,12000000000,2.000000,1.962667,2000,3000000,2944000,handover_eval
9,640,691,2.000000,90000000000,12000000000,2.000000,1.962667,2000,3000000,2944000,handover_eval
10,693,638,2.000000,100000000000,12000000000,2.000000,1.962667,2000,3000000,2944000,handover_eval
11,642,677,2.000000,110000000000,12000000000,2.000000,1.962667,2000,3000000,2944000,handover_eval
12,711,703,2.000000,120000000000,12000000000,2.000000,1.962667,2000,3000000,2944000,handover_eval
13,709,700,2.000000,130000000000,12000000000,2.000000,1.962667,2000,3000000,2944000,handover_eval
14,638,712,2.000000,140000000000,12000000000,1.948000,1.911637,1948,2922000,2867456,handover_eval
15,641,691,2.000000,150000000000,12000000000,2.000000,1.962667,2000,3000000,2944000,handover_eval
16,702,694,2.000000,160000000000,12000000000,2.000000,1.962667,2000,3000000,2944000,handover_eval
17,708,682,2.000000,170000000000,12000000000,2.000000,1.962667,2000,3000000,2944000,handover_eval
18,693,714,2.000000,180000000000,12000000000,2.000000,1.962667,2000,3000000,2944000,handover_eval
19,696,651,2.000000,190000000000,12000000000,2.000000,1.962667,2000,3000000,2944000,handover_eval
20,682,641,2.000000,200000000000,12000000000,2.000000,1.962667,2000,3000000,2944000,handover_eval
21,636,658,2.000000,210000000000,12000000000,2.000000,1.962667,2000,3000000,2944000,handover_eval
22,651,628,2.000000,220000000000,12000000000,2.000000,1.962667,2000,3000000,2944000,handover_eval
23,700,641,2.000000,230000000000,12000000000,2.000000,1.962667,2000,3000000,2944000,handover_eval
24,708,695,2.000000,240000000000,12000000000,2.000000,1.962667,2000,3000000,2944000,handover_eval
25,677,721,2.000000,250000000000,12000000000,1.939000,1.902805,1939,2908500,2854208,handover_eval
26,656,715,2.000000,260000000000,12000000000,1.973000,1.936171,1973,2959500,2904256,handover_eval
27,653,687,2.000000,270000000000,12000000000,2.000000,1.962667,2000,3000000,2944000,handover_eval
28,630,635,2.000000,280000000000,12000000000,1.934000,1.897899,1934,2901000,2846848,handover_eval
29,693,628,2.000000,290000000000,12000000000,2.000000,1.962667,2000,3000000,2944000,handover_eval
30,716,692,2.000000,300000000000,12000000000,2.000000,1.962667,2000,3000000,2944000,handover_eval
31,625,709,2.000000,310000000000,12000000000,2.000000,1.962667,2000,3000000,2944000,handover_eval
32,658,682,2.000000,320000000000,12000000000,2.000000,1.962667,2000,3000000,2944000,handover_eval
33,691,685,2.000000,330000000000,12000000000,2.000000,1.962667,2000,3000000,2944000,handover_eval
34,680,674,2.000000,340000000000,12000000000,2.000000,1.962667,2000,3000000,2944000,handover_eval
35,679,707,2.000000,350000000000,12000000000,2.000000,1.962667,2000,3000000,2944000,handover_eval
36,706,626,2.000000,360000000000,12000000000,1.937000,1.900843,1937,2905500,2851264,handover_eval
37,692,683,2.000000,370000000000,12000000000,2.000000,1.962667,2000,3000000,2944000,handover_eval
38,648,642,2.000000,380000000000,12000000000,2.000000,1.962667,2000,3000000,2944000,handover_eval
39,704,628,2.000000,390000000000,12000000000,1.982000,1.945003,1982,2973000,2917504,handover_eval
40,633,690,2.000000,400000000000,12000000000,2.000000,1.962667,2000,3000000,2944000,handover_eval
41,722,635,2.000000,410000000000,12000000000,2.000000,1.962667,2000,3000000,2944000,handover_eval
42,648,688,2.000000,420000000000,12000000000,2.000000,1.962667,2000,3000000,2944000,handover_eval
43,708,705,2.000000,430000000000,12000000000,2.000000,1.962667,2000,3000000,2944000,handover_eval
44,655,652,2.000000,440000000000,12000000000,1.973000,1.936171,1973,2959500,2904256,handover_eval
45,650,702,2.000000,450000000000,12000000000,2.000000,1.962667,2000,3000000,2944000,handover_eval
46,665,636,2.000000,460000000000,12000000000,2.000000,1.962667,2000,3000000,2944000,handover_eval
47,657,718,2.000000,470000000000,12000000000,2.000000,1.962667,2000,3000000,2944000,handover_eval
48,628,711,2.000000,480000000000,12000000000,1.950000,1.913600,1950,2925000,2870400,handover_eval
49,679,639,2.000000,490000000000,12000000000,2.000000,1.962667,2000,3000000,2944000,handover_eval
50,637,658,2.000000,500000000000,12000000000,2.000000,1.962667,2000,3000000,2944000,handover_eval
51,630,704,2.000000,510000000000,12000000000,1.978000,1.941077,1978,2967000,2911616,handover_eval
52,678,691,2.000000,520000000000,12000000000,2.000000,1.962667,2000,3000000,2944000,handover_eval
53,637,713,2.000000,530000000000,12000000000,1.980000,1.943040,1980,2970000,2914560,handover_eval
54,663,691,2.000000,540000000000,12000000000,2.000000,1.962667,2000,3000000,2944000,handover_eval
55,698,682,2.000000,550000000000,12000000000,2.000000,1.962667,2000,3000000,2944000,handover_eval
56,665,700,2.000000,560000000000,12000000000,2.000000,1.962667,2000,3000000,2944000,handover_eval
57,697,704,2.000000,570000000000,12000000000,2.000000,1.962667,2000,3000000,2944000,handover_eval
58,674,718,2.000000,580000000000,12000000000,2.000000,1.962667,2000,3000000,2944000,handover_eval
59,712,722,2.000000,590000000000,12000000000,2.000000,1.962667,2000,3000000,2944000,handover_eval
60,719,656,2.000000,600000000000,12000000000,2.000000,1.962667,2000,3000000,2944000,handover_eval
61,723,674,2.000000,610000000000,12000000000,2.000000,1.962667,2000,3000000,2944000,handover_eval
62,688,626,2.000000,620000000000,12000000000,2.000000,1.962667,2000,3000000,2944000,handover_eval
63,701,647,2.000000,630000000000,12000000000,2.000000,1.962667,2000,3000000,2944000,handover_eval
64,655,720,2.000000,640000000000,12000000000,2.000000,1.962667,2000,3000000,2944000,handover_eval
65,660,663,2.000000,650000000000,12000000000,1.941000,1.904768,1941,2911500,2857152,handover_eval
66,669,651,2.000000,660000000000,12000000000,1.961000,1.924395,1961,2941500,2886592,handover_eval
67,666,711,2.000000,670000000000,12000000000,2.000000,1.962667,2000,3000000,2944000,handover_eval
68,672,650,2.000000,680000000000,12000000000,2.000000,1.962667,2000,3000000,2944000,handover_eval
69,642,659,2.000000,690000000000,12000000000,2.000000,1.962667,2000,3000000,2944000,handover_eval
70,677,676,2.000000,700000000000,12000000000,2.000000,1.962667,2000,3000000,2944000,handover_eval
71,645,643,2.000000,710000000000,12000000000,2.000000,1.962667,2000,3000000,2944000,handover_eval
72,646,711,2.000000,720000000000,12000000000,2.000000,1.962667,2000,3000000,2944000,handover_eval
73,719,658,2.000000,730000000000,12000000000,2.000000,1.962667,2000,3000000,2944000,handover_eval
74,654,681,2.000000,740000000000,12000000000,2.000000,1.962667,2000,3000000,2944000,handover_eval
75,688,709,2.000000,750000000000,12000000000,2.000000,1.962667,2000,3000000,2944000,handover_eval
76,696,645,2.000000,760000000000,12000000000,1.981000,1.944021,1981,2971500,2916032,handover_eval
77,694,645,2.000000,770000000000,12000000000,1.950000,1.913600,1950,2925000,2870400,handover_eval
78,665,639,2.000000,780000000000,12000000000,2.000000,1.962667,2000,3000000,2944000,handover_eval
79,637,699,2.000000,790000000000,12000000000,1.939000,1.902805,1939,2908500,2854208,handover_eval
80,708,695,2.000000,800000000000,12000000000,2.000000,1.962667,2000,3000000,2944000,handover_eval
81,697,668,2.000000,810000000000,12000000000,1.960000,1.923413,1960,2940000,2885120,handover_eval
82,666,723,2.000000,820000000000,12000000000,2.000000,1.962667,2000,3000000,2944000,handover_eval
83,686,698,2.000000,830000000000,12000000000,2.000000,1.962667,2000,3000000,2944000,handover_eval
84,686,694,2.000000,840000000000,12000000000,2.000000,1.962667,2000,3000000,2944000,handover_eval
85,640,718,2.000000,850000000000,12000000000,2.000000,1.962667,2000,3000000,2944000,handover_eval
86,697,721,2.000000,860000000000,12000000000,2.000000,1.962667,2000,3000000,2944000,handover_eval
87,656,650,2.000000,870000000000,12000000000,1.932000,1.895936,1932,2898000,2843904,handover_eval
88,690,702,2.000000,880000000000,12000000000,2.000000,1.962667,2000,3000000,2944000,handover_eval
89,630,650,2.000000,890000000000,12000000000,2.000000,1.962667,2000,3000000,2944000,handover_eval
90,629,678,2.000000,900000000000,12000000000,2.000000,1.962667,2000,3000000,2944000,handover_eval
91,701,713,2.000000,910000000000,12000000000,2.000000,1.962667,2000,3000000,2944000,handover_eval
92,712,679,2.000000,920000000000,12000000000,2.000000,1.962667,2000,3000000,2944000,handover_eval
93,685,704,2.000000,930000000000,12000000000,2.000000,1.962667,2000,3000000,2944000,handover_eval
94,714,718,2.000000,940000000000,12000000000,2.000000,1.962667,2000,3000000,2944000,handover_eval
95,681,716,2.000000,950000000000,12000000000,1.974000,1.937152,1974,2961000,2905728,handover_eval
96,708,665,2.000000,960000000000,12000000000,1.947000,1.910656,1947,2920500,2865984,handover_eval
97,696,657,2.000000,970000000000,12000000000,2.000000,1.962667,2000,3000000,2944000,handover_eval
98,692,717,2.000000,980000000000,12000000000,2.000000,1.962667,2000,3000000,2944000,handover_eval
99,691,708,2.000000,990000000000,12000000000,1.945000,1.908693,1945,2917500,2863040,handover_eval
100,672,639,2.000000,1000000000000,12000000000,2.000000,1.962667,2000,3000000,2944000,handover_eval
101,630,664,2.000000,1010000000000,12000000000,1.954000,1.917525,1954,2931000,2876288,handover_eval
102,647,687,2.000000,1020000000000,12000000000,2.000000,1.962667,2000,3000000,2944000,handover_eval
103,647,717,2.000000,1030000000000,12000000000,1.973000,1.936171,1973,2959500,2904256,handover_eval
104,632,643,2.000000,1040000000000,12000000000,2.000000,1.962667,2000,3000000,2944000,handover_eval
105,709,712,2.000000,1050000000000,12000000000,1.967000,1.930283,1967,2950500,2895424,handover_eval
106,639,688,2.000000,1060000000000,12000000000,2.000000,1.962667,2000,3000000,2944000,handover_eval
107,639,692,2.000000,1070000000000,12000000000,2.000000,1.962667,2000,3000000,2944000,handover_eval
108,721,637,2.000000,1080000000000,12000000000,2.000000,1.962667,2000,3000000,2944000,handover_eval
109,669,664,2.000000,1090000000000,12000000000,1.951000,1.914581,1951,2926500,2871872,handover_eval
110,664,692,2.000000,1100000000000,12000000000,2.000000,1.962667,2000,3000000,2944000,handover_eval
111,686,651,2.000000,1110000000000,12000000000,2.000000,1.962667,2000,3000000,2944000,handover_eval
112,634,722,2.000000,1120000000000,12000000000,2.000000,1.962667,2000,3000000,2944000,handover_eval
113,709,684,2.000000,1130000000000,12000000000,2.000000,1.962667,2000,3000000,2944000,handover_eval
114,684,692,2.000000,1140000000000,12000000000,2.000000,1.962667,2000,3000000,2944000,handover_eval
115,713,656,2.000000,1150000000000,12000000000,2.000000,1.962667,2000,3000000,2944000,handover_eval
116,715,657,2.000000,1160000000000,12000000000,2.000000,1.962667,2000,3000000,2944000,handover_eval
117,691,669,2.000000,1170000000000,12000000000,2.000000,1.962667,2000,3000000,2944000,handover_eval
118,664,683,2.000000,1180000000000,12000000000,1.948000,1.911637,1948,2922000,2867456,handover_eval
119,704,684,2.000000,1190000000000,12000000000,1.912800,1.877094,1594,2391000,2346368,handover_eval
