0,630,639,5000000,0,8597811581,8597811581,5000000,YES,handover_eval
1,662,674,5000000,3000000000,7845742933,4845742933,5000000,YES,handover_eval
2,704,654,5000000,6000000000,14887271905,8887271905,5000000,YES,handover_eval
3,640,655,5000000,9000000000,15840663417,6840663417,5000000,YES,handover_eval
4,640,717,5000000,12000000000,20491221003,8491221003,5000000,YES,handover_eval
5,706,684,5000000,15000000000,21575573350,6575573350,5000000,YES,handover_eval
6,684,670,5000000,18000000000,28322636597,10322636597,5000000,YES,handover_eval
7,662,659,5000000,21000000000,30721681062,9721681062,5000000,YES,handover_eval
8,695,639,5000000,24000000000,29327357164,5327357164,5000000,YES,handover_eval
9,689,720,5000000,27000000000,34384007720,7384007720,5000000,YES,handover_eval
10,697,674,5000000,30000000000,38856608813,8856608813,5000000,YES,handover_eval
11,696,667,5000000,33000000000,39465486612,6465486612,5000000,YES,handover_eval
12,641,713,5000000,36000000000,42301713327,6301713327,5000000,YES,handover_eval
13,649,660,5000000,39000000000,48552999631,9552999631,5000000,YES,handover_eval
14,659,720,5000000,42000000000,53936128437,11936128437,5000000,YES,handover_eval
15,670,700,5000000,45000000000,52985037430,7985037430,5000000,YES,handover_eval
16,668,700,5000000,48000000000,55960107110,7960107110,5000000,YES,handover_eval
17,694,668,5000000,51000000000,57217656520,6217656520,5000000,YES,handover_eval
18,705,716,5000000,54000000000,58486982773,4486982773,5000000,YES,handover_eval
19,701,633,5000000,57000000000,62084855314,5084855314,5000000,YES,handover_eval
20,708,694,5000000,60000000000,64317607634,4317607634,5000000,YES,handover_eval
21,645,673,5000000,63000000000,76197306219,13197306219,5000000,YES,handover_eval
22,657,661,5000000,66000000000,74873978761,8873978761,5000000,YES,handover_eval
23,682,647,5000000,69000000000,74790860972,5790860972,5000000,YES,handover_eval
24,665,655,5000000,72000000000,79466746564,7466746564,5000000,YES,handover_eval
25,669,629,5000000,75000000000,82891253187,7891253187,5000000,YES,handover_eval
26,637,659,5000000,78000000000,82920767833,4920767833,5000000,YES,handover_eval
27,657,701,5000000,81000000000,87551996736,6551996736,5000000,YES,handover_eval
28,657,667,5000000,84000000000,90364367116,6364367116,5000000,YES,handover_eval
29,649,653,5000000,87000000000,96217663933,9217663933,5000000,YES,handover_eval
30,692,717,5000000,90000000000,98814842732,8814842732,5000000,YES,handover_eval
31,687,716,5000000,93000000000,104205207241,11205207241,5000000,YES,handover_eval
32,712,652,5000000,96000000000,102288694098,6288694098,5000000,YES,handover_eval
33,647,692,5000000,99000000000,125725035563,26725035563,5000000,YES,handover_eval
34,649,697,5000000,102000000000,109824784268,7824784268,5000000,YES,handover_eval
35,651,679,5000000,105000000000,111478133239,6478133239,5000000,YES,handover_eval
36,723,687,5000000,108000000000,115769679972,7769679972,5000000,YES,handover_eval
37,675,633,5000000,111000000000,116249193499,5249193499,5000000,YES,handover_eval
38,653,658,5000000,114000000000,119981597475,5981597475,5000000,YES,handover_eval
39,649,635,5000000,117000000000,126384304008,9384304008,5000000,YES,handover_eval
40,722,679,5000000,120000000000,126193993109,6193993109,5000000,YES,handover_eval
41,712,658,5000000,123000000000,129463292836,6463292836,5000000,YES,handover_eval
42,626,661,5000000,126000000000,132700763197,6700763197,5000000,YES,handover_eval
43,688,716,5000000,129000000000,135399259471,6399259471,5000000,YES,handover_eval
44,627,644,5000000,132000000000,137777171451,5777171451,5000000,YES,handover_eval
45,645,635,5000000,135000000000,139698962038,4698962038,5000000,YES,handover_eval
46,718,711,5000000,138000000000,145702225903,7702225903,5000000,YES,handover_eval
47,708,642,5000000,141000000000,147117258120,6117258120,5000000,YES,handover_eval
48,704,700,5000000,144000000000,153648337596,9648337596,5000000,YES,handover_eval
49,698,710,5000000,147000000000,155928388383,8928388383,5000000,YES,handover_eval
50,671,661,5000000,150000000000,158853983880,8853983880,5000000,YES,handover_eval
51,660,701,5000000,153000000000,159118668498,6118668498,5000000,YES,handover_eval
52,720,653,5000000,156000000000,162656694223,6656694223,5000000,YES,handover_eval
53,648,650,5000000,159000000000,168068203482,9068203482,5000000,YES,handover_eval
54,665,690,5000000,162000000000,168018883277,6018883277,5000000,YES,handover_eval
55,721,635,5000000,165000000000,175644098517,10644098517,5000000,YES,handover_eval
56,721,722,5000000,168000000000,174002041121,6002041121,5000000,YES,handover_eval
57,687,714,5000000,171000000000,178279238105,7279238105,5000000,YES,handover_eval
58,719,649,5000000,174000000000,182997115648,8997115648,5000000,YES,handover_eval
59,693,709,5000000,177000000000,189375544693,12375544693,5000000,YES,handover_eval
60,652,653,5000000,180000000000,201769821046,21769821046,5000000,YES,handover_eval
61,642,653,5000000,183000000000,192436254139,9436254139,5000000,YES,handover_eval
62,650,694,5000000,186000000000,193485160334,7485160334,5000000,YES,handover_eval
63,644,677,5000000,189000000000,193839067602,4839067602,5000000,YES,handover_eval
64,635,695,5000000,192000000000,203687356752,11687356752,5000000,YES,handover_eval
65,714,664,5000000,195000000000,202737904427,7737904427,5000000,YES,handover_eval
66,685,722,5000000,198000000000,203283375625,5283375625,5000000,YES,handover_eval
67,660,634,5000000,201000000000,209361839340,8361839340,5000000,YES,handover_eval
68,687,719,5000000,204000000000,211931216590,7931216590,5000000,YES,handover_eval
69,673,671,5000000,207000000000,212017812228,5017812228,5000000,YES,handover_eval
70,711,664,5000000,210000000000,215837208049,5837208049,5000000,YES,handover_eval
71,684,642,5000000,213000000000,217488829040,4488829040,5000000,YES,handover_eval
72,651,681,5000000,216000000000,220793796887,4793796887,5000000,YES,handover_eval
73,633,694,5000000,219000000000,226709111684,7709111684,5000000,YES,handover_eval
74,697,661,5000000,222000000000,229168912800,7168912800,5000000,YES,handover_eval
75,653,687,5000000,225000000000,233991499681,8991499681,5000000,YES,handover_eval
76,627,724,5000000,228000000000,236324421749,8324421749,5000000,YES,handover_eval
77,687,651,5000000,231000000000,240316349846,9316349846,5000000,YES,handover_eval
78,632,711,5000000,234000000000,243445523479,9445523479,5000000,YES,handover_eval
79,627,631,5000000,237000000000,247929043152,10929043152,5000000,YES,handover_eval
80,654,658,5000000,240000000000,249886304901,9886304901,5000000,YES,handover_eval
81,668,694,5000000,243000000000,248379624556,5379624556,5000000,YES,handover_eval
82,639,662,5000000,246000000000,250466286412,4466286412,5000000,YES,handover_eval
83,707,629,5000000,249000000000,256553498142,7553498142,5000000,YES,handover_eval
84,685,690,5000000,252000000000,258623620154,6623620154,5000000,YES,handover_eval
85,693,627,5000000,255000000000,274132438023,19132438023,5000000,YES,handover_eval
86,724,627,5000000,258000000000,270580273227,12580273227,5000000,YES,handover_eval
87,679,628,5000000,261000000000,269412433464,8412433464,5000000,YES,handover_eval
88,655,722,5000000,264000000000,269230367318,5230367318,5000000,YES,handover_eval
89,679,642,5000000,267000000000,273044457832,6044457832,5000000,YES,handover_eval
90,723,721,5000000,270000000000,281502960737,11502960737,5000000,YES,handover_eval
91,674,704,5000000,273000000000,282224547021,9224547021,5000000,YES,handover_eval
92,657,681,5000000,276000000000,290391976567,14391976567,5000000,YES,handover_eval
93,698,633,5000000,279000000000,283306590670,4306590670,5000000,YES,handover_eval
94,673,702,5000000,282000000000,289821930380,7821930380,5000000,YES,handover_eval
95,657,677,5000000,285000000000,296000808371,11000808371,5000000,YES,handover_eval
96,656,677,5000000,288000000000,298589074452,10589074452,5000000,YES,handover_eval
97,626,681,5000000,291000000000,296008403570,5008403570,5000000,YES,handover_eval
98,679,628,5000000,294000000000,300318109248,6318109248,5000000,YES,handover_eval
99,706,633,5000000,297000000000,301753579798,4753579798,5000000,YES,handover_eval
100,644,689,5000000,300000000000,306616071793,6616071793,5000000,YES,handover_eval
101,630,647,5000000,303000000000,311574916013,8574916013,5000000,YES,handover_eval
102,702,703,5000000,306000000000,310413451758,4413451758,5000000,YES,handover_eval
103,713,712,5000000,309000000000,313851606942,4851606942,5000000,YES,handover_eval
104,650,722,5000000,312000000000,318714611095,6714611095,5000000,YES,handover_eval
105,680,693,5000000,315000000000,323360608134,8360608134,5000000,YES,handover_eval
106,637,625,5000000,318000000000,327072892813,9072892813,5000000,YES,handover_eval
107,669,665,5000000,321000000000,327159509703,6159509703,5000000,YES,handover_eval
108,656,636,5000000,324000000000,331201136470,7201136470,5000000,YES,handover_eval
109,687,675,5000000,327000000000,334305111510,7305111510,5000000,YES,handover_eval
110,641,716,5000000,330000000000,337051604656,7051604656,5000000,YES,handover_eval
111,683,700,5000000,333000000000,344908301420,11908301420,5000000,YES,handover_eval
112,648,658,5000000,336000000000,344132779599,8132779599,5000000,YES,handover_eval
113,627,719,5000000,339000000000,350852838883,11852838883,5000000,YES,handover_eval
114,719,648,5000000,342000000000,349955287857,7955287857,5000000,YES,handover_eval
115,658,651,5000000,345000000000,350713826172,5713826172,5000000,YES,handover_eval
116,647,640,5000000,348000000000,357216454840,9216454840,5000000,YES,handover_eval
117,697,660,5000000,351000000000,356799865327,5799865327,5000000,YES,handover_eval
118,695,628,5000000,354000000000,359409214391,5409214391,5000000,YES,handover_eval
119,664,633,5000000,357000000000,365016817586,8016817586,5000000,YES,handover_eval
120,645,710,5000000,360000000000,371260240759,11260240759,5000000,YES,handover_eval
121,666,626,5000000,363000000000,368489263084,5489263084,5000000,YES,handover_eval
122,671,635,5000000,366000000000,377225715456,11225715456,5000000,YES,handover_eval
123,719,658,5000000,369000000000,375840636796,6840636796,5000000,YES,handover_eval
124,651,664,5000000,372000000000,377963693166,5963693166,5000000,YES,handover_eval
125,629,628,5000000,375000000000,385091423555,10091423555,5000000,YES,handover_eval
126,643,677,5000000,378000000000,384518564241,6518564241,5000000,YES,handover_eval
127,697,673,5000000,381000000000,391117203574,10117203574,5000000,YES,handover_eval
128,649,707,5000000,384000000000,393058400958,9058400958,5000000,YES,handover_eval
129,631,653,5000000,387000000000,392323171159,5323171159,5000000,YES,handover_eval
130,634,651,5000000,390000000000,396184108460,6184108460,5000000,YES,handover_eval
131,672,640,5000000,393000000000,397456706620,4456706620,5000000,YES,handover_eval
132,704,637,5000000,396000000000,409669668234,13669668234,5000000,YES,handover_eval
133,690,689,5000000,399000000000,404114064465,5114064465,5000000,YES,handover_eval
134,673,659,5000000,402000000000,411271144913,9271144913,5000000,YES,handover_eval
135,628,714,5000000,405000000000,411098396808,6098396808,5000000,YES,handover_eval
136,706,703,5000000,408000000000,412527082445,4527082445,5000000,YES,handover_eval
137,710,626,5000000,411000000000,420196655995,9196655995,5000000,YES,handover_eval
138,707,657,5000000,414000000000,424454526435,10454526435,5000000,YES,handover_eval
139,690,665,5000000,417000000000,429555174131,12555174131,5000000,YES,handover_eval
140,676,707,5000000,420000000000,427240593830,7240593830,5000000,YES,handover_eval
141,671,711,5000000,423000000000,432734728132,9734728132,5000000,YES,handover_eval
142,690,694,5000000,426000000000,433974474789,7974474789,5000000,YES,handover_eval
143,708,693,5000000,429000000000,440435767414,11435767414,5000000,YES,handover_eval
144,643,627,5000000,432000000000,437516688925,5516688925,5000000,YES,handover_eval
145,667,696,5000000,435000000000,441719086374,6719086374,5000000,YES,handover_eval
146,651,720,5000000,438000000000,448292929796,10292929796,5000000,YES,handover_eval
147,645,639,5000000,441000000000,451770725406,10770725406,5000000,YES,handover_eval
148,697,662,5000000,444000000000,450617044925,6617044925,5000000,YES,handover_eval
149,649,678,5000000,447000000000,455715183699,8715183699,5000000,YES,handover_eval
150,684,664,5000000,450000000000,455127280560,5127280560,5000000,YES,handover_eval
151,702,668,5000000,453000000000,458626123879,5626123879,5000000,YES,handover_eval
152,666,688,5000000,456000000000,466359178623,10359178623,5000000,YES,handover_eval
153,674,700,5000000,459000000000,470581430188,11581430188,5000000,YES,handover_eval
154,662,634,5000000,462000000000,468641255366,6641255366,5000000,YES,handover_eval
155,723,698,5000000,465000000000,475581932555,10581932555,5000000,YES,handover_eval
156,679,640,5000000,468000000000,473532219226,5532219226,5000000,YES,handover_eval
157,640,643,5000000,471000000000,477104519566,6104519566,5000000,YES,handover_eval
158,720,657,5000000,474000000000,484768904536,10768904536,5000000,YES,handover_eval
159,715,666,5000000,477000000000,485542402834,8542402834,5000000,YES,handover_eval
160,648,645,5000000,480000000000,486980180098,6980180098,5000000,YES,handover_eval
161,656,644,5000000,483000000000,489399324056,6399324056,5000000,YES,handover_eval
162,669,713,5000000,486000000000,498314513958,12314513958,5000000,YES,handover_eval
163,699,711,5000000,489000000000,495602590155,6602590155,5000000,YES,handover_eval
164,705,718,5000000,492000000000,500930998244,8930998244,5000000,YES,handover_eval
165,687,637,5000000,495000000000,503238486602,8238486602,5000000,YES,handover_eval
166,651,669,5000000,498000000000,506983781836,8983781836,5000000,YES,handover_eval
167,715,659,5000000,501000000000,513849305330,12849305330,5000000,YES,handover_eval
168,658,630,5000000,504000000000,513181327161,9181327161,5000000,YES,handover_eval
169,638,648,5000000,507000000000,514241731854,7241731854,5000000,YES,handover_eval
170,694,699,5000000,510000000000,517528571508,7528571508,5000000,YES,handover_eval
171,722,702,5000000,513000000000,517356972146,4356972146,5000000,YES,handover_eval
172,718,677,5000000,516000000000,524592805888,8592805888,5000000,YES,handover_eval
173,646,704,5000000,519000000000,528837008324,9837008324,5000000,YES,handover_eval
174,715,647,5000000,522000000000,530702932386,8702932386,5000000,YES,handover_eval
175,658,671,5000000,525000000000,532241994833,7241994833,5000000,YES,handover_eval
176,654,629,5000000,528000000000,535081569650,7081569650,5000000,YES,handover_eval
177,644,663,5000000,531000000000,545917258513,14917258513,5000000,YES,handover_eval
178,722,670,5000000,534000000000,538696147158,4696147158,5000000,YES,handover_eval
179,662,724,5000000,537000000000,546682983929,9682983929,5000000,YES,handover_eval
180,667,702,5000000,540000000000,558204394323,18204394323,5000000,YES,handover_eval
181,632,716,5000000,543000000000,551381646096,8381646096,5000000,YES,handover_eval
182,669,635,5000000,546000000000,557212814580,11212814580,5000000,YES,handover_eval
183,702,655,5000000,549000000000,555036905792,6036905792,5000000,YES,handover_eval
184,692,704,5000000,552000000000,560813862986,8813862986,5000000,YES,handover_eval
185,671,650,5000000,555000000000,572970217624,17970217624,5000000,YES,handover_eval
186,707,690,5000000,558000000000,571111920819,13111920819,5000000,YES,handover_eval
187,630,697,5000000,561000000000,567804112567,6804112567,5000000,YES,handover_eval
188,695,679,5000000,564000000000,569482647132,5482647132,5000000,YES,handover_eval
189,682,689,5000000,567000000000,574500672462,7500672462,5000000,YES,handover_eval
190,626,677,5000000,570000000000,578226094660,8226094660,5000000,YES,handover_eval
191,674,667,5000000,573000000000,577390700161,4390700161,5000000,YES,handover_eval
192,681,689,5000000,576000000000,588449066619,12449066619,5000000,YES,handover_eval
193,717,683,5000000,579000000000,588094989100,9094989100,5000000,YES,handover_eval
194,663,698,5000000,582000000000,590976922636,8976922636,5000000,YES,handover_eval
195,717,677,5000000,585000000000,599079365366,14079365366,5000000,YES,handover_eval
196,636,689,5000000,588000000000,592894184566,4894184566,5000000,YES,handover_eval
197,643,714,5000000,591000000000,599178955613,8178955613,5000000,YES,handover_eval
198,663,678,5000000,594000000000,603867399664,9867399664,5000000,YES,handover_eval
199,669,704,5000000,597000000000,605595140484,8595140484,5000000,YES,handover_eval
200,656,674,5000000,600000000000,609377005007,9377005007,5000000,YES,handover_eval
201,696,650,5000000,603000000000,610923233368,7923233368,5000000,YES,handover_eval
202,635,661,5000000,606000000000,616475883122,10475883122,5000000,YES,handover_eval
203,635,694,5000000,609000000000,616427225983,7427225983,5000000,YES,handover_eval
204,639,692,5000000,612000000000,620021373082,8021373082,5000000,YES,handover_eval
205,666,628,5000000,615000000000,619486714113,4486714113,5000000,YES,handover_eval
206,667,709,5000000,618000000000,628547239652,10547239652,5000000,YES,handover_eval
207,665,660,5000000,621000000000,629457117319,8457117319,5000000,YES,handover_eval
208,714,642,5000000,624000000000,631052490449,7052490449,5000000,YES,handover_eval
209,664,710,5000000,627000000000,634263101213,7263101213,5000000,YES,handover_eval
210,652,699,5000000,630000000000,642709869752,12709869752,5000000,YES,handover_eval
211,719,650,5000000,633000000000,643663217109,10663217109,5000000,YES,handover_eval
212,717,633,5000000,636000000000,644760460303,8760460303,5000000,YES,handover_eval
213,650,692,5000000,639000000000,649319003512,10319003512,5000000,YES,handover_eval
214,712,719,5000000,642000000000,648535211147,6535211147,5000000,YES,handover_eval
215,658,664,5000000,645000000000,651523815372,6523815372,5000000,YES,handover_eval
216,659,639,5000000,648000000000,657736664439,9736664439,5000000,YES,handover_eval
217,645,663,5000000,651000000000,657141942364,6141942364,5000000,YES,handover_eval
218,721,705,5000000,654000000000,659226191628,5226191628,5000000,YES,handover_eval
219,679,640,5000000,657000000000,663523707623,6523707623,5000000,YES,handover_eval
220,630,692,5000000,660000000000,667908974436,7908974436,5000000,YES,handover_eval
221,687,691,5000000,663000000000,673560467615,10560467615,5000000,YES,handover_eval
222,643,702,5000000,666000000000,672201728183,6201728183,5000000,YES,handover_eval
223,633,671,5000000,669000000000,675907469779,6907469779,5000000,YES,handover_eval
224,646,720,5000000,672000000000,681952115593,9952115593,5000000,YES,handover_eval
225,719,694,5000000,675000000000,680485380541,5485380541,5000000,YES,handover_eval
226,679,686,5000000,678000000000,685528872851,7528872851,5000000,YES,handover_eval
227,650,648,5000000,681000000000,693554944107,12554944107,5000000,YES,handover_eval
228,683,677,5000000,684000000000,688452884975,4452884975,5000000,YES,handover_eval
229,646,642,5000000,687000000000,693179673996,6179673996,5000000,YES,handover_eval
230,720,658,5000000,690000000000,699052120777,9052120777,5000000,YES,handover_eval
231,668,672,5000000,693000000000,699324670584,6324670584,5000000,YES,handover_eval
232,625,634,5000000,696000000000,707961759491,11961759491,5000000,YES,handover_eval
233,663,707,5000000,699000000000,706662731919,7662731919,5000000,YES,handover_eval
234,645,688,5000000,702000000000,710068748583,8068748583,5000000,YES,handover_eval
235,631,649,5000000,705000000000,714943919360,9943919360,5000000,YES,handover_eval
236,683,653,5000000,708000000000,717786409648,9786409648,5000000,YES,handover_eval
237,674,635,5000000,711000000000,719655563795,8655563795,5000000,YES,handover_eval
238,718,641,5000000,714000000000,721356742839,7356742839,5000000,YES,handover_eval
239,706,682,5000000,717000000000,722634338801,5634338801,5000000,YES,handover_eval
240,666,657,5000000,720000000000,730264811659,10264811659,5000000,YES,handover_eval
241,678,701,5000000,723000000000,730208197739,7208197739,5000000,YES,handover_eval
242,682,646,5000000,726000000000,731610644190,5610644190,5000000,YES,handover_eval
243,662,632,5000000,729000000000,736111160803,7111160803,5000000,YES,handover_eval
244,655,642,5000000,732000000000,737005819947,5005819947,5000000,YES,handover_eval
245,663,692,5000000,735000000000,740545276639,5545276639,5000000,YES,handover_eval
246,644,699,5000000,738000000000,742935302588,4935302588,5000000,YES,handover_eval
247,649,639,5000000,741000000000,751466871766,10466871766,5000000,YES,handover_eval
248,688,642,5000000,744000000000,753067401567,9067401567,5000000,YES,handover_eval
249,626,698,5000000,747000000000,754818366988,7818366988,5000000,YES,handover_eval
250,670,685,5000000,750000000000,755885464197,5885464197,5000000,YES,handover_eval
251,704,632,5000000,753000000000,762074626106,9074626106,5000000,YES,handover_eval
252,640,698,5000000,756000000000,761340535462,5340535462,5000000,YES,handover_eval
253,701,684,5000000,759000000000,769049248474,10049248474,5000000,YES,handover_eval
254,701,683,5000000,762000000000,770987438489,8987438489,5000000,YES,handover_eval
255,696,686,5000000,765000000000,772203223677,7203223677,5000000,YES,handover_eval
256,724,700,5000000,768000000000,783418442054,15418442054,5000000,YES,handover_eval
257,713,723,5000000,771000000000,779199705190,8199705190,5000000,YES,handover_eval
258,700,648,5000000,774000000000,791691530202,17691530202,5000000,YES,handover_eval
259,720,645,5000000,777000000000,782420005764,5420005764,5000000,YES,handover_eval
260,652,668,5000000,780000000000,787815549137,7815549137,5000000,YES,handover_eval
261,672,667,5000000,783000000000,791222882285,8222882285,5000000,YES,handover_eval
262,634,649,5000000,786000000000,796755705334,10755705334,5000000,YES,handover_eval
263,670,644,5000000,789000000000,794953698364,5953698364,5000000,YES,handover_eval
264,646,636,5000000,792000000000,796744458128,4744458128,5000000,YES,handover_eval
265,683,711,5000000,795000000000,802978614897,7978614897,5000000,YES,handover_eval
266,643,655,5000000,798000000000,807112565582,9112565582,5000000,YES,handover_eval
267,645,662,5000000,801000000000,809227477165,8227477165,5000000,YES,handover_eval
268,656,715,5000000,804000000000,811943469883,7943469883,5000000,YES,handover_eval
269,722,718,5000000,807000000000,813445703257,6445703257,5000000,YES,handover_eval
270,716,691,5000000,810000000000,819597660078,9597660078,5000000,YES,handover_eval
271,626,663,5000000,813000000000,833325706181,20325706181,5000000,YES,handover_eval
272,724,663,5000000,816000000000,829040380920,13040380920,5000000,YES,handover_eval
273,698,656,5000000,819000000000,830658611899,11658611899,5000000,YES,handover_eval
274,639,701,5000000,822000000000,830818232792,8818232792,5000000,YES,handover_eval
275,675,701,5000000,825000000000,834496965115,9496965115,5000000,YES,handover_eval
276,658,691,5000000,828000000000,837740145617,9740145617,5000000,YES,handover_eval
277,699,676,5000000,831000000000,840869895945,9869895945,5000000,YES,handover_eval
278,646,650,5000000,834000000000,841983799897,7983799897,5000000,YES,handover_eval
279,671,699,5000000,837000000000,846124110833,9124110833,5000000,YES,handover_eval
280,709,632,5000000,840000000000,852981748141,12981748141,5000000,YES,handover_eval
281,645,671,5000000,843000000000,850894875735,7894875735,5000000,YES,handover_eval
282,635,724,5000000,846000000000,854347853636,8347853636,5000000,YES,handover_eval
283,657,644,5000000,849000000000,859410668592,10410668592,5000000,YES,handover_eval
284,632,650,5000000,852000000000,859921024832,7921024832,5000000,YES,handover_eval
285,667,688,5000000,855000000000,866346975140,11346975140,5000000,YES,handover_eval
286,724,668,5000000,858000000000,865146849496,7146849496,5000000,YES,handover_eval
287,638,663,5000000,861000000000,867556502396,6556502396,5000000,YES,handover_eval
288,699,691,5000000,864000000000,873395105420,9395105420,5000000,YES,handover_eval
289,705,661,5000000,867000000000,877529354287,10529354287,5000000,YES,handover_eval
290,652,633,5000000,870000000000,879094504836,9094504836,5000000,YES,handover_eval
291,682,685,5000000,873000000000,893487326819,20487326819,5000000,YES,handover_eval
292,709,708,5000000,876000000000,887007351964,11007351964,5000000,YES,handover_eval
293,648,680,5000000,879000000000,884613661978,5613661978,5000000,YES,handover_eval
294,702,721,5000000,882000000000,887239728649,5239728649,5000000,YES,handover_eval
295,711,681,5000000,885000000000,894159241634,9159241634,5000000,YES,handover_eval
296,629,721,5000000,888000000000,894864679359,6864679359,5000000,YES,handover_eval
297,713,698,5000000,891000000000,900610639595,9610639595,5000000,YES,handover_eval
298,657,645,5000000,894000000000,904150600075,10150600075,5000000,YES,handover_eval
299,713,653,5000000,897000000000,910044116595,13044116595,5000000,YES,handover_eval
300,643,642,5000000,900000000000,908359478691,8359478691,5000000,YES,handover_eval
301,714,661,5000000,903000000000,909605276831,6605276831,5000000,YES,handover_eval
302,678,656,5000000,906000000000,913069326013,7069326013,5000000,YES,handover_eval
303,644,631,5000000,909000000000,919644994984,10644994984,5000000,YES,handover_eval
304,700,705,5000000,912000000000,920705805616,8705805616,5000000,YES,handover_eval
305,724,637,5000000,915000000000,925410045151,10410045151,5000000,YES,handover_eval
306,647,719,5000000,918000000000,923339281732,5339281732,5000000,YES,handover_eval
307,644,657,5000000,921000000000,931095848154,10095848154,5000000,YES,handover_eval
308,700,720,5000000,924000000000,931343093106,7343093106,5000000,YES,handover_eval
309,641,724,5000000,927000000000,938130146757,11130146757,5000000,YES,handover_eval
310,680,674,5000000,930000000000,935737071866,5737071866,5000000,YES,handover_eval
311,649,666,5000000,933000000000,966948783218,33948783218,5000000,YES,handover_eval
312,700,639,5000000,936000000000,944117582455,8117582455,5000000,YES,handover_eval
313,647,679,5000000,939000000000,951044156679,12044156679,5000000,YES,handover_eval
314,659,722,5000000,942000000000,949266538357,7266538357,5000000,YES,handover_eval
315,688,660,5000000,945000000000,950784901171,5784901171,5000000,YES,handover_eval
316,682,635,5000000,948000000000,956552935646,8552935646,5000000,YES,handover_eval
317,722,655,5000000,951000000000,958169535674,7169535674,5000000,YES,handover_eval
318,648,625,5000000,954000000000,963575997092,9575997092,5000000,YES,handover_eval
319,697,674,5000000,957000000000,965916594877,8916594877,5000000,YES,handover_eval
320,713,671,5000000,960000000000,966044385685,6044385685,5000000,YES,handover_eval
321,684,655,5000000,963000000000,969386904993,6386904993,5000000,YES,handover_eval
322,671,653,5000000,966000000000,970679375540,4679375540,5000000,YES,handover_eval
323,671,720,5000000,969000000000,977825061045,8825061045,5000000,YES,handover_eval
324,684,687,5000000,972000000000,980600469312,8600469312,5000000,YES,handover_eval
325,649,652,5000000,975000000000,983579913116,8579913116,5000000,YES,handover_eval
326,645,720,5000000,978000000000,982593893294,4593893294,5000000,YES,handover_eval
327,680,635,5000000,981000000000,987063516636,6063516636,5000000,YES,handover_eval
328,635,686,5000000,984000000000,991116863534,7116863534,5000000,YES,handover_eval
329,708,651,5000000,987000000000,991329581347,4329581347,5000000,YES,handover_eval
330,689,673,5000000,990000000000,994541356369,4541356369,5000000,YES,handover_eval
331,702,640,5000000,993000000000,1000584399435,7584399435,5000000,YES,handover_eval
332,656,679,5000000,996000000000,1003630632621,7630632621,5000000,YES,handover_eval
333,662,701,5000000,999000000000,1004324695160,5324695160,5000000,YES,handover_eval
334,724,632,5000000,1002000000000,1013371949250,11371949250,5000000,YES,handover_eval
335,652,724,5000000,1005000000000,1013757879696,8757879696,5000000,YES,handover_eval
336,691,682,5000000,1008000000000,1015774281909,7774281909,5000000,YES,handover_eval
337,636,658,5000000,1011000000000,1018939099444,7939099444,5000000,YES,handover_eval
338,724,685,5000000,1014000000000,1022744102242,8744102242,5000000,YES,handover_eval
339,647,672,5000000,1017000000000,1024688554791,7688554791,5000000,YES,handover_eval
340,675,646,5000000,1020000000000,1027488983609,7488983609,5000000,YES,handover_eval
341,680,673,5000000,1023000000000,1035075243758,12075243758,5000000,YES,handover_eval
342,708,722,5000000,1026000000000,1030477398752,4477398752,5000000,YES,handover_eval
343,721,676,5000000,1029000000000,1040040492152,11040492152,5000000,YES,handover_eval
344,686,664,5000000,1032000000000,1038874392164,6874392164,5000000,YES,handover_eval
345,694,654,5000000,1035000000000,1046905109513,11905109513,5000000,YES,handover_eval
346,658,648,5000000,1038000000000,1046082675502,8082675502,5000000,YES,handover_eval
347,673,625,5000000,1041000000000,1050844475573,9844475573,5000000,YES,handover_eval
348,718,631,5000000,1044000000000,1054639837296,10639837296,5000000,YES,handover_eval
349,669,680,5000000,1047000000000,1058455223004,11455223004,5000000,YES,handover_eval
350,657,701,5000000,1050000000000,1059108232359,9108232359,5000000,YES,handover_eval
351,680,652,5000000,1053000000000,1065104015408,12104015408,5000000,YES,handover_eval
352,698,697,5000000,1056000000000,1060326204307,4326204307,5000000,YES,handover_eval
353,633,719,5000000,1059000000000,1064917472917,5917472917,5000000,YES,handover_eval
354,671,675,5000000,1062000000000,1070881556694,8881556694,5000000,YES,handover_eval
355,680,723,5000000,1065000000000,1075778257977,10778257977,5000000,YES,handover_eval
356,675,680,5000000,1068000000000,1075369608370,7369608370,5000000,YES,handover_eval
357,642,656,5000000,1071000000000,1079207738785,8207738785,5000000,YES,handover_eval
358,652,701,5000000,1074000000000,1078693529809,4693529809,5000000,YES,handover_eval
359,695,713,5000000,1077000000000,1084884754872,7884754872,5000000,YES,handover_eval
360,630,640,5000000,1080000000000,1091628587877,11628587877,5000000,YES,handover_eval
361,643,724,5000000,1083000000000,1092046543571,9046543571,5000000,YES,handover_eval
362,653,646,5000000,1086000000000,1092111947610,6111947610,5000000,YES,handover_eval
363,698,706,5000000,1089000000000,1100714265927,11714265927,5000000,YES,handover_eval
364,676,642,5000000,1092000000000,1098049368433,6049368433,5000000,YES,handover_eval
365,706,653,5000000,1095000000000,1101027968818,6027968818,5000000,YES,handover_eval
366,713,648,5000000,1098000000000,1104756622909,6756622909,5000000,YES,handover_eval
367,627,722,5000000,1101000000000,1110247870080,9247870080,5000000,YES,handover_eval
368,667,627,5000000,1104000000000,1110783964314,6783964314,5000000,YES,handover_eval
369,641,698,5000000,1107000000000,1116108870592,9108870592,5000000,YES,handover_eval
370,680,716,5000000,1110000000000,1117174950217,7174950217,5000000,YES,handover_eval
371,689,628,5000000,1113000000000,1119663868373,6663868373,5000000,YES,handover_eval
372,673,685,5000000,1116000000000,1122104923281,6104923281,5000000,YES,handover_eval
373,640,709,5000000,1119000000000,1126756167413,7756167413,5000000,YES,handover_eval
374,707,647,5000000,1122000000000,1129952162727,7952162727,5000000,YES,handover_eval
375,678,684,5000000,1125000000000,1138905227987,13905227987,5000000,YES,handover_eval
376,718,677,5000000,1128000000000,1136694880424,8694880424,5000000,YES,handover_eval
377,666,659,5000000,1131000000000,1142072588250,11072588250,5000000,YES,handover_eval
378,627,628,5000000,1134000000000,1141003157262,7003157262,5000000,YES,handover_eval
379,636,677,5000000,1137000000000,1141843827504,4843827504,5000000,YES,handover_eval
380,652,668,5000000,1140000000000,1147692645985,7692645985,5000000,YES,handover_eval
381,683,722,5000000,1143000000000,1149506396040,6506396040,5000000,YES,handover_eval
382,680,723,5000000,1146000000000,1159681091808,13681091808,5000000,YES,handover_eval
383,648,708,5000000,1149000000000,1154691134093,5691134093,5000000,YES,handover_eval
384,704,644,5000000,1152000000000,1160596187459,8596187459,5000000,YES,handover_eval
385,687,694,5000000,1155000000000,1163560244060,8560244060,5000000,YES,handover_eval
386,721,632,5000000,1158000000000,1165920556802,7920556802,5000000,YES,handover_eval
387,682,716,5000000,1161000000000,1166902684638,5902684638,5000000,YES,handover_eval
388,632,681,5000000,1164000000000,1171346264984,7346264984,5000000,YES,handover_eval
389,698,633,5000000,1167000000000,1171316323347,4316323347,5000000,YES,handover_eval
390,685,638,5000000,1170000000000,1179926563287,9926563287,5000000,YES,handover_eval
391,665,685,5000000,1173000000000,1185616903180,12616903180,5000000,YES,handover_eval
392,679,704,5000000,1176000000000,1186404434816,10404434816,5000000,YES,handover_eval
393,676,628,5000000,1179000000000,1186430120610,7430120610,5000000,YES,handover_eval
394,645,646,5000000,1182000000000,1191069589010,9069589010,5000000,YES,handover_eval
395,629,697,5000000,1185000000000,1197201652006,12201652006,5000000,YES,handover_eval
396,642,679,5000000,1188000000000,1196010659269,8010659269,5000000,YES,handover_eval
397,628,646,5000000,1191000000000,1197756246094,6756246094,5000000,YES,handover_eval
398,638,699,5000000,1194000000000,1199702884261,5702884261,5000000,YES,handover_eval
399,666,640,5000000,1197000000000,1200000000000,3000000000,1567680,NO_ONGOING,handover_eval
