1,0,10076705687
1,1,10082705716
1,2,10088705744
1,3,10094705775
1,4,10100705803
1,5,10106705832
1,6,10112705861
1,7,10118705891
1,8,10124705919
1,9,10130705948
1,10,10136705977
1,11,10142706008
1,12,10148706035
1,13,10154706066
1,14,10160706097
1,15,10166706125
1,16,10172706155
1,17,10178706185
1,18,10184706214
1,19,10190706244
1,20,10196706273
1,21,10202706302
1,22,10208706333
1,23,10214706362
1,24,10220706390
1,25,10226706421
1,26,10232706451
1,27,10238706479
1,28,10244706509
1,29,10250706539
1,30,10256706568
1,31,10262706598
1,32,10268706628
1,33,10274706658
1,34,10280706687
1,35,10286706717
1,36,10292706747
1,37,10298706776
1,38,10304706806
1,39,10310706835
1,40,10316706865
1,41,10322706896
1,42,10328706926
1,43,10334706955
1,44,10340706987
1,45,10346707014
1,46,10352707043
1,47,10358707075
1,48,10364707104
1,49,10370707134
1,50,10376707165
1,51,10382707195
1,52,10388707224
1,53,10394707254
1,54,10400707284
1,55,10406707315
1,56,10412707344
1,57,10418707374
1,58,10424707404
1,59,10430707433
1,60,10436707465
1,61,10442707495
1,62,10448707525
1,63,10454707555
1,64,10460707584
1,65,10466707616
1,66,10472707646
1,67,10478707674
1,68,10484707705
1,69,10490707737
1,70,10496707765
1,71,10502707795
1,72,10508707826
1,73,10514707856
1,74,10520707886
1,75,10526707917
1,76,10532707948
1,77,10538707978
1,78,10544708009
1,79,10550708038
1,80,10556708069
1,81,10562708099
1,82,10568708130
1,83,10574708161
1,84,10580708191
1,85,10586708222
1,86,10592708252
1,87,10598708282
1,88,10604708313
1,89,10610708342
1,90,10616708374
1,91,10622708406
1,92,10628708435
1,93,10634708466
1,94,10640708497
1,95,10646708527
1,96,10652708557
1,97,10658708589
1,98,10664708618
1,99,10670708651
1,100,10676708680
1,101,10682708710
1,102,10688708742
1,103,10694708773
1,104,10700708803
1,105,10706708834
1,106,10712708865
1,107,10718708895
1,108,10724708925
1,109,10730708957
1,110,10736708988
1,111,10742709018
1,112,10748709049
1,113,10754709080
1,114,10760709110
1,115,10766709144
1,116,10772709173
1,117,10778709204
1,118,10784709237
1,119,10790709267
1,120,10796709297
1,121,10802709330
1,122,10808709359
1,123,10814709390
1,124,10820709422
1,125,10826709454
1,126,10832709483
1,127,10838709515
1,128,10844709546
1,129,10850709577
1,130,10856709607
1,131,10862709639
1,132,10868709671
1,133,10874709701
1,134,10880709734
1,135,10886709765
1,136,10892709796
1,137,10898709827
1,138,10904709858
1,139,10910709890
1,140,10916709921
1,141,10922709953
1,142,10928709984
1,143,10934710017
1,144,10940710047
1,145,10946710078
1,146,10952710111
1,147,10958710142
1,148,10964710173
1,149,10970710205
1,150,10976710236
1,151,10982710268
1,152,10988710299
1,153,10994710331
1,154,11000710363
1,155,11006710395
1,156,11012710426
1,157,11018710456
1,158,11024710489
1,159,11030710520
1,160,11036710550
1,161,11042710583
1,162,11048710615
1,163,11054710645
1,164,11060710678
1,165,11066710709
1,166,11072710741
1,167,11078710772
1,168,11084710804
1,169,11090710836
1,170,11096710868
1,171,11102710899
1,172,11108710930
1,173,11114710963
1,174,11120710995
1,175,11126711025
1,176,11132711058
1,177,11138711090
1,178,11144711122
1,179,11150711153
1,180,11156711185
1,181,11162711217
1,182,11168711249
1,183,11174711281
1,184,11180711314
1,185,11186711344
1,186,11192711377
1,187,11198711410
1,188,11204711442
1,189,11210711476
1,190,11216711507
1,191,11222711539
1,192,11228711574
1,193,11234711604
1,194,11240711637
1,195,11246711670
1,196,11252711702
1,197,11258711734
1,198,11264711766
1,199,11270711797
1,200,11276711830
1,201,11282711862
1,202,11288711894
1,203,11294711927
1,204,11300711959
1,205,11306711990
1,206,11312712024
1,207,11318712057
1,208,11324712088
1,209,11330712119
1,210,11336712152
1,211,11342712184
1,212,11348712216
1,213,11354712249
1,214,11360712282
1,215,11366712314
1,216,11372712347
1,217,11378712380
1,218,11384712412
1,219,11390712445
1,220,11396712477
1,221,11402712509
1,222,11408712543
1,223,11414712574
1,224,11420712606
1,225,11426712641
1,226,11432712674
1,227,11438712705
1,228,11444712738
1,229,11450712771
1,230,11456712803
1,231,11462712836
1,232,11468712869
1,233,11474712900
1,234,11480712932
1,235,11486712966
1,236,11492712999
1,237,11498713032
1,238,11504713065
1,239,11510713097
1,240,11516713130
1,241,11522713164
1,242,11528713195
1,243,11534713227
1,244,11540713261
1,245,11546713293
1,246,11552713327
1,247,11558713360
1,248,11564713392
1,249,11570713425
1,250,11576713459
1,251,11582713491
1,252,11588713526
1,253,11594713559
1,254,11600713591
1,255,11606713625
1,256,11612713658
1,257,11618713690
1,258,11624713723
1,259,11630713756
1,260,11636713791
1,261,11642713823
1,262,11648713857
1,263,11654713890
1,264,11660713923
1,265,11666713957
1,266,11672713989
1,267,11678714023
1,268,11684714057
1,269,11690714090
1,270,11696714123
1,271,11702714157
1,272,11708714189
1,273,11714714222
1,274,11720714257
1,275,11726714289
1,276,11732714323
1,277,11738714357
1,278,11744714389
1,279,11750714424
1,280,11756714456
1,281,11762714489
1,282,11768714523
1,283,11774714557
1,284,11780714590
1,285,11786714623
1,286,11792714657
1,287,11798714690
1,288,11804714723
1,289,11810714757
1,290,11816714791
1,291,11822714824
1,292,11828714860
1,293,11834714892
1,294,11840714926
1,295,11846714960
1,296,11852714994
1,297,11858715027
1,298,11864715063
1,299,11870715095
1,300,11876715128
1,301,11882715162
1,302,11888715197
1,303,11894715229
1,304,11900715263
1,305,11906715298
1,306,11912715330
1,307,11918715365
1,308,11924715399
1,309,11930715434
1,310,11936715468
1,311,11942715501
1,312,11948715535
1,313,11954715569
1,314,11960715603
1,315,11966715636
1,316,11972715671
1,317,11978715705
1,318,11984715739
1,319,11990715773
1,320,11996715807
1,321,12002715840
1,322,12008715874
1,323,12014715909
1,324,12020715942
1,325,12026715977
1,326,12032716010
1,327,12038716044
1,328,12044716079
1,329,12050716114
1,330,12056716147
1,331,12062716182
1,332,12068716216
1,333,12074716250
1,334,12080716285
1,335,12086716319
1,336,12092716354
1,337,12098716388
1,338,12104716423
1,339,12110716456
1,340,12116716490
1,341,12122716524
1,342,12128716558
1,343,12134716594
1,344,12140716629
1,345,12146716662
1,346,12152716696
1,347,12158716732
1,348,12164716766
1,349,12170716800
1,350,12176716835
1,351,12182716869
1,352,12188716905
1,353,12194716939
1,354,12200716972
1,355,12206717008
1,356,12212717043
1,357,12218717076
1,358,12224717111
1,359,12230717146
1,360,12236717180
1,361,12242717215
1,362,12248717250
1,363,12254717284
1,364,12260717319
1,365,12266717354
1,366,12272717389
1,367,12278717425
1,368,12284717461
1,369,12290717494
1,370,12296717530
1,371,12302717566
1,372,12308717600
1,373,12314717634
1,374,12320717670
1,375,12326717704
1,376,12332717738
1,377,12338717774
1,378,12344717808
1,379,12350717844
1,380,12356717878
1,381,12362717912
1,382,12368717948
1,383,12374717984
1,384,12380718018
1,385,12386718052
1,386,12392718088
1,387,12398718123
1,388,12404718158
1,389,12410718193
1,390,12416718228
1,391,12422718263
1,392,12428718299
1,393,12434718334
1,394,12440718370
1,395,12446718405
1,396,12452718439
1,397,12458718473
1,398,12464718510
1,399,12470718543
1,400,12476718579
1,401,12482718613
1,402,12488718648
1,403,12494718684
1,404,12500718720
1,405,12506718755
1,406,12512718791
1,407,12518718827
1,408,12524718862
1,409,12530718897
1,410,12536718932
1,411,12542718967
1,412,12548719002
1,413,12554719038
1,414,12560719074
1,415,12566719109
1,416,12572719145
1,417,12578719180
1,418,12584719215
1,419,12590719252
1,420,12596719287
1,421,12602719323
1,422,12608719359
1,423,12614719393
1,424,12620719430
1,425,12626719466
1,426,12632719501
1,427,12638719537
1,428,12644719572
1,429,12650719607
1,430,12656719644
1,431,12662719679
1,432,12668719714
1,433,12674719751
1,434,12680719787
1,435,12686719822
1,436,12692719857
1,437,12698719894
1,438,12704719931
1,439,12710719966
1,440,12716720002
1,441,12722720038
1,442,12728720074
1,443,12734720110
1,444,12740720146
1,445,12746720182
1,446,12752720219
1,447,12758720253
1,448,12764720289
1,449,12770720326
1,450,12776720361
1,451,12782720397
1,452,12788720435
1,453,12794720471
1,454,12800720507
1,455,12806720543
1,456,12812720578
1,457,12818720615
1,458,12824720651
1,459,12830720686
1,460,12836720723
1,461,12842720760
1,462,12848720795
1,463,12854720831
1,464,12860720867
1,465,12866720904
1,466,12872720940
1,467,12878720977
1,468,12884721012
1,469,12890721050
1,470,12896721086
1,471,12902721121
1,472,12908721157
1,473,12914721196
1,474,12920721231
1,475,12926721267
1,476,12932721304
1,477,12938721339
1,478,12944721376
1,479,12950721413
1,480,12956721448
1,481,12962721485
1,482,12968721523
1,483,12974721559
1,484,12980721596
1,485,12986721632
1,486,12992721668
1,487,12998721705
1,488,13004721741
1,489,13010721778
1,490,13016721815
1,491,13022721852
1,492,13028721887
1,493,13034721925
1,494,13040721961
1,495,13046721998
1,496,13052722035
1,497,13058722073
1,498,13064722108
1,499,13070722145
1,500,13076722182
1,501,13082722218
1,502,13088722255
1,503,13094722292
1,504,13100722328
1,505,13106722365
1,506,13112722403
1,507,13118722439
1,508,13124722476
1,509,13130722513
1,510,13136722550
1,511,13142722587
1,512,13148722624
1,513,13154722661
1,514,13160722698
1,515,13166722735
1,516,13172722772
1,517,13178722809
1,518,13184722845
1,519,13190722882
1,520,13196722920
1,521,13202722959
1,522,13208722995
1,523,13214723033
1,524,13220723069
1,525,13226723105
1,526,13232723144
1,527,13238723180
1,528,13244723216
1,529,13250723255
1,530,13256723292
1,531,13262723328
1,532,13268723367
1,533,13274723403
1,534,13280723440
1,535,13286723478
1,536,13292723515
1,537,13298723552
1,538,13304723591
1,539,13310723627
1,540,13316723664
1,541,13322723702
1,542,13328723739
1,543,13334723776
1,544,13340723814
1,545,13346723854
1,546,13352723892
1,547,13358723929
1,548,13364723966
1,549,13370724003
1,550,13376724041
1,551,13382724077
1,552,13388724114
1,553,13394724153
1,554,13400724189
1,555,13406724227
1,556,13412724264
1,557,13418724302
1,558,13424724340
1,559,13430724377
1,560,13436724414
1,561,13442724452
1,562,13448724490
1,563,13454724528
1,564,13460724565
1,565,13466724602
1,566,13472724639
1,567,13478724677
1,568,13484724715
1,569,13490724752
1,570,13496724790
1,571,13502724830
1,572,13508724866
1,573,13514724904
1,574,13520724944
1,575,13526724979
1,576,13532725017
1,577,13538725057
1,578,13544725094
1,579,13550725131
1,580,13556725170
1,581,13562725208
1,582,13568725247
1,583,13574725284
1,584,13580725321
1,585,13586725360
1,586,13592725398
1,587,13598725436
1,588,13604725474
1,589,13610725512
1,590,13616725550
1,591,13622725588
1,592,13628725626
1,593,13634725664
1,594,13640725702
1,595,13646725741
1,596,13652725779
1,597,13658725818
1,598,13664725856
1,599,13670725895
1,600,13676725933
1,601,13682725972
1,602,13688726009
1,603,13694726048
1,604,13700726086
1,605,13706726123
1,606,13712726164
1,607,13718726202
1,608,13724726238
1,609,13730726278
1,610,13736726316
1,611,13742726354
1,612,13748726393
1,613,13754726431
1,614,13760726470
1,615,13766726508
1,616,13772726546
1,617,13778726586
1,618,13784726625
1,619,13790726662
1,620,13796726701
1,621,13802726741
1,622,13808726779
1,623,13814726818
1,624,13820726856
1,625,13826726894
1,626,13832726933
1,627,13838726973
1,628,13844727010
1,629,13850727048
1,630,13856727088
1,631,13862727125
1,632,13868727164
1,633,13874727203
1,634,13880727241
1,635,13886727281
1,636,13892727318
1,637,13898727356
1,638,13904727396
1,639,13910727435
1,640,13916727473
1,641,13922727512
1,642,13928727551
1,643,13934727590
1,644,13940727629
1,645,13946727668
1,646,13952727706
1,647,13958727746
1,648,13964727785
1,649,13970727823
1,650,13976727862
1,651,13982727902
1,652,13988727940
1,653,13994727981
1,654,14000728021
1,655,14006728059
1,656,14012728099
1,657,14018728137
1,658,14024728176
1,659,14030728217
1,660,14036728256
1,661,14042728294
1,662,14048728334
1,663,14054728372
1,664,14060728412
1,665,14066728451
1,666,14072728489
1,667,14078728529
1,668,14084728570
1,669,14090728608
1,670,14096728647
1,671,14102728686
1,672,14108728727
1,673,14114728766
1,674,14120728805
1,675,14126728844
1,676,14132728884
1,677,14138728923
1,678,14144728962
1,679,14150729001
1,680,14156729041
1,681,14162729080
1,682,14168729120
1,683,14174729160
1,684,14180729198
1,685,14186729238
1,686,14192729277
1,687,14198729316
1,688,14204729358
1,689,14210729397
1,690,14216729436
1,691,14222729475
1,692,14228729516
1,693,14234729555
1,694,14240729594
1,695,14246729633
1,696,14252729673
1,697,14258729715
1,698,14264729754
1,699,14270729793
1,700,14276729833
1,701,14282729874
1,702,14288729912
1,703,14294729953
1,704,14300729993
1,705,14306730032
1,706,14312730071
1,707,14318730110
1,708,14324730150
1,709,14330730191
1,710,14336730230
1,711,14342730270
1,712,14348730310
1,713,14354730349
1,714,14360730390
1,715,14366730429
1,716,14372730468
1,717,14378730510
1,718,14384730551
1,719,14390730589
1,720,14396730630
1,721,14402730670
1,722,14408730710
1,723,14414730752
1,724,14420730792
1,725,14426730832
1,726,14432730873
1,727,14438730913
1,728,14444730952
1,729,14450730992
1,730,14456731033
1,731,14462731072
1,732,14468731112
1,733,14474731152
1,734,14480731192
1,735,14486731233
1,736,14492731273
1,737,14498731312
1,738,14504731354
1,739,14510731394
1,740,14516731433
1,741,14522731475
1,742,14528731514
1,743,14534731556
1,744,14540731596
1,745,14546731636
1,746,14552731676
1,747,14558731717
1,748,14564731757
1,749,14570731798
1,750,14576731838
1,751,14582731879
1,752,14588731920
1,753,14594731960
1,754,14600732000
1,755,14606732040
1,756,14612732082
1,757,14618732121
1,758,14624732162
1,759,14630732204
1,760,14636732244
1,761,14642732285
1,762,14648732325
1,763,14654732366
1,764,14660732407
1,765,14666732448
1,766,14672732487
1,767,14678732528
1,768,14684732569
1,769,14690732609
1,770,14696732650
1,771,14702732691
1,772,14708732732
1,773,14714732774
1,774,14720732815
1,775,14726732856
1,776,14732732897
1,777,14738732939
1,778,14744732978
1,779,14750733019
1,780,14756733061
1,781,14762733101
1,782,14768733143
1,783,14774733181
1,784,14780733222
1,785,14786733265
1,786,14792733304
1,787,14798733346
1,788,14804733387
1,789,14810733427
1,790,14816733468
1,791,14822733510
1,792,14828733549
1,793,14834733592
1,794,14840733633
1,795,14846733673
1,796,14852733715
1,797,14858733757
1,798,14864733799
1,799,14870733840
1,800,14876733882
1,801,14882733922
1,802,14888733963
1,803,14894734004
1,804,14900734045
1,805,14906734088
1,806,14912734128
1,807,14918734170
1,808,14924734212
1,809,14930734252
1,810,14936734293
1,811,14942734336
1,812,14948734377
1,813,14954734418
1,814,14960734459
1,815,14966734500
1,816,14972734541
1,817,14978734583
1,818,14984734624
1,819,14990734666
1,820,14996734708
1,821,15002734748
1,833,15100258485
1,832,15104834483
1,834,15106258436
1,822,15107460025
1,831,15108868457
1,835,15112258388
1,823,15113459977
1,836,15118258337
1,824,15119459925
1,830,15123478371
1,825,15124679959
1,837,15125881538
1,829,15127512370
1,827,15129986884
1,826,15131188473
1,838,15132390061
1,828,15135986745
1,839,15137188333
1,840,15142258141
1,841,15148258090
1,842,15154258041
1,843,15160257993
1,844,15166257944
1,845,15172257897
1,846,15178257847
1,847,15184257797
1,848,15190257750
1,849,15196257700
1,850,15202257652
1,851,15208257602
1,852,15214257553
1,853,15220257505
1,854,15226257456
1,855,15232257408
1,856,15238257360
1,857,15244257311
1,858,15250257261
1,859,15256257213
1,860,15262257164
1,861,15269368856
1,862,15276306373
1,863,15282096702
1,864,15286256970
1,865,15292256922
1,866,15298256874
1,867,15304256824
1,868,15310256774
1,869,15316256725
1,870,15322256678
1,871,15328256629
1,872,15334256579
1,873,15340256532
1,874,15346256482
1,875,15352256434
1,876,15358256387
1,877,15364256337
1,878,15370256289
1,879,15376256241
1,880,15382256193
1,881,15388256145
1,882,15394256096
1,883,15400256047
1,884,15406256000
1,885,15412255952
1,886,15418255903
1,887,15424255855
1,888,15430255808
1,889,15437203310
1,890,15443156692
1,891,15450094211
1,892,15454737352
1,893,15460255567
1,894,15466255518
1,895,15472255470
1,896,15478255422
1,897,15484255372
1,898,15490255324
1,899,15496255277
1,900,15502255229
1,901,15508255181
1,902,15514255132
1,903,15520255084
1,904,15526255037
1,905,15532254989
1,906,15538254940
1,907,15544254894
1,908,15550254845
1,909,15556254797
1,910,15562254750
1,911,15568254702
1,912,15574254654
1,913,15580254607
1,914,15586254559
1,915,15592254511
1,916,15598254465
1,917,15605031109
1,918,15611968628
1,919,15618906146
1,920,15625843663
1,921,15630486814
1,922,15634254178
1,923,15640254129
1,924,15646254081
1,925,15652254034
1,926,15658253986
1,927,15664253939
1,928,15670253891
1,929,15676253843
1,930,15682253794
1,931,15688253747
1,932,15694253699
1,933,15700253653
1,934,15706253605
1,935,15712253558
1,936,15718253510
1,937,15724253462
1,938,15730253416
1,939,15736253368
1,940,15742253321
1,941,15748253273
1,942,15754253227
1,943,15760253180
1,944,15766253131
1,945,15772852256
1,946,15779789774
1,947,15786727291
1,948,15794811998
1,949,15801749517
1,950,15808687035
1,951,15813330187
1,952,15814531776
1,953,15820252707
1,954,15826252661
1,955,15832252614
1,956,15838252566
1,957,15844252520
1,958,15850252472
1,959,15856252424
1,960,15862252378
1,961,15868252332
1,962,15874252284
1,963,15880252238
1,964,15886252191
1,965,15892252143
1,966,15898252098
1,967,15904252050
1,968,15910252003
1,969,15916251957
1,970,15922251909
1,971,15928251861
1,972,15934251815
1,973,15940666766
1,974,15947604285
1,975,15955688981
1,976,15962626510
1,977,15969564028
1,978,15976501546
1,979,15984586253
1,980,15991523772
1,981,15998461290
1,982,16001957245
1,983,16003158833
1,984,16006251257
1,985,16012251210
1,986,16018251164
1,987,16024251117
1,988,16030251070
1,989,16036251023
1,990,16042250977
1,991,16048250931
1,992,16054250884
1,993,16060250838
1,994,16066250793
1,995,16072250744
1,996,16078250699
1,997,16084250653
1,998,16090250607
1,999,16096250560
1,1000,16102250515
1,1001,16109188034
1,1002,16117272741
1,1003,16124210259
1,1004,16131147777
1,1005,16138085296
1,1006,16145022815
1,1007,16153107522
1,1008,16160045041
1,1009,16166982560
1,1010,16173920079
1,1011,16182004785
1,1012,16188942304
1,1013,16195879824
1,1014,16201670163
1,1015,16202871741
1,1016,16204073330
1,1017,16205274919
1,1018,16210249683
1,1019,16216249637
1,1020,16222249591
1,1021,16228249545
1,1022,16234249500
1,1023,16240249453
1,1024,16246249407
1,1025,16252249362
1,1026,16258249315
1,1027,16264249269
1,1028,16270249224
1,1029,16278333932
1,1030,16285271451
1,1031,16292208969
1,1032,16299146488
1,1033,16307231196
1,1034,16314168715
1,1035,16321106234
1,1036,16328043751
1,1037,16336128459
1,1038,16343065978
1,1039,16350003497
1,1040,16356941017
1,1041,16363878536
1,1042,16371963242
1,1043,16378900761
1,1044,16385838281
1,1045,16392775800
1,1046,16400860507
1,1047,16407798025
1,1048,16414735545
1,1049,16419378697
1,1050,16420580286
1,1051,16421781865
1,1052,16422983454
1,1053,16424185042
1,1054,16426248038
1,1055,16432247993
1,1056,16438247948
1,1057,16446332656
1,1058,16453270175
1,1059,16460207694
1,1060,16467145213
1,1061,16475229921
1,1062,16482167440
1,1063,16489104959
1,1064,16496042478
1,1065,16504127186
1,1066,16511064705
1,1067,16518002225
1,1068,16524939743
1,1069,16531877262
1,1070,16539961970
1,1071,16546899489
1,1072,16553837009
1,1073,16560774528
1,1074,16568859236
1,1075,16575796754
1,1076,16582734273
1,1077,16589671801
1,1078,16597756499
1,1079,16604694018
1,1080,16611631548
1,1081,16618569067
1,1082,16625506586
1,1083,16633591294
1,1084,16640528813
1,1085,16647466333
1,1086,16654403852
1,1087,16662488560
1,1088,16669426079
1,1089,16676363599
1,1090,16683301118
1,1091,16691385826
1,1092,16698323345
1,1093,16705260865
1,1094,16712198384
1,1095,16719135904
1,1096,16727220611
1,1097,16734158130
1,1098,16741095650
1,1099,16748033170
1,1100,16756117877
1,1101,16763055396
1,1102,16769992917
1,1103,16776930434
1,1104,16785015141
1,1105,16791952662
1,1106,16798890181
1,1107,16805827701
1,1108,16812765221
1,1109,16820849928
1,1110,16827787448
1,1111,16834724967
1,1112,16841662498
1,1113,16849747195
1,1114,16856684715
1,1115,16863622245
1,1116,16870559765
1,1117,16878644471
1,1118,16885581991
1,1119,16892519510
1,1120,16899457030
1,1121,16906394549
1,1122,16914479258
1,1123,16921416778
1,1124,16928354297
1,1125,16935291816
1,1126,16943376524
1,1127,16950314044
1,1128,16957251563
1,1129,16964189082
1,1130,16972273791
1,1131,16979211310
1,1132,16986148830
1,1133,16993086350
1,1134,17000023870
1,1135,17008108578
1,1136,17015046098
1,1137,17021983618
1,1138,17028921138
1,1139,17037005846
1,1140,17043943367
1,1141,17050880886
1,1142,17057818406
1,1143,17065903115
1,1144,17072840634
1,1145,17079778154
1,1146,17086715674
1,1147,17093653205
1,1148,17101737903
1,1149,17108675422
1,1150,17115612953
1,1151,17122550473
1,1158,17165050779
1,1159,17170841112
1,1160,17176631453
1,1162,17189304905
1,1163,17195095236
1,1164,17200885568
1,1167,17219294962
1,1168,17225085293
1,1169,17230875625
1,1172,17249285018
1,1173,17255075350
1,1176,17273484744
1,1177,17279275076
1,1181,17303420403
1,1182,17309210735
1,1186,17333356059
1,1192,17368973247
1,1193,17374763580
1,1194,17380553922
1,1195,17386344254
1,1196,17393281774
1,1197,17399072106
1,1198,17404862438
1,1199,17410652780
1,1201,17423326233
1,1202,17429116564
1,1203,17434906897
1,1205,17447580359
1,1206,17453370691
1,1207,17459161023
1,1208,17464951355
1,1210,17477624818
1,1211,17483415150
1,1212,17489205482
1,1215,17507614876
1,1216,17513405207
1,1220,17537550532
1,1221,17543340865
1,1224,17559455882
1,1225,17560657471
1,1226,17561859051
1,1227,17563060640
1,1228,17564262229
1,1229,17565463818
1,1230,17566665397
1,1231,17567866986
1,1232,17569068575
1,1233,17570270164
1,1234,17571471753
1,1235,17572673332
1,1236,17573874921
1,1237,17575076510
1,1238,17576278099
1,1239,17577479688
1,1240,17584417200
1,1241,17591354720
1,1242,17598292241
1,1243,17606376950
1,1244,17613314471
1,1245,17620251991
1,1246,17627189512
1,1247,17634127032
1,1248,17642211740
1,1249,17649149262
1,1250,17656086782
1,1251,17663024303
1,1252,17671109013
1,1253,17678046533
1,1254,17684984056
1,1255,17691921576
1,1256,17698859096
1,1257,17706943805
1,1258,17713881326
1,1259,17720818846
1,1260,17727756367
1,1261,17735841077
1,1262,17742778596
1,1263,17749716117
1,1264,17756653648
1,1265,17764738347
1,1266,17771675868
1,1267,17778613399
1,1268,17785550920
1,1269,17792488441
1,1270,17800573151
1,1271,17807510670
1,1272,17814448191
1,1273,17821385712
1,1274,17829470421
1,1275,17836407942
1,1276,17843345463
1,1277,17850282985
1,1278,17858367693
1,1279,17865305214
1,1280,17872242736
1,1281,17879180256
1,1282,17886117777
1,1283,17894202486
1,1284,17901140007
1,1285,17908077528
1,1286,17915015049
1,1287,17923099758
1,1288,17930037279
1,1289,17936974801
1,1290,17943912320
1,1291,17951997029
1,1292,17958934551
1,1293,17965872071
1,1294,17972809593
1,1295,17979747114
1,1296,17987831823
1,1297,17994769345
1,1298,18001706866
1,1299,18008644397
1,1300,18016729097
1,1301,18023666618
1,1302,18029456960
1,1303,18035247292
1,1306,18053656690
1,1307,18059447023
1,1308,18065237355
1,1311,18083646752
1,1312,18089437084
1,1321,18142262086
1,1322,18149199607
1,1323,18154989940
1,1324,18160780273
1,1325,18166570616
1,1327,18179244070
1,1328,18185034403
1,1329,18190824736
1,1332,18209234133
1,1333,18215024465
1,1334,18220814799
1,1336,18233488263
1,1337,18239278595
1,1338,18245068927
1,1341,18263478325
1,1342,18269268658
1,1346,18293413988
1,1347,18299204321
1,1351,18323349652
1,1356,18350936538
1,1357,18357874060
1,1358,18361370025
1,1359,18362571614
1,1360,18363773194
1,1361,18364974783
1,1362,18366176372
1,1363,18367377961
1,1364,18368579551
1,1365,18369781130
1,1366,18370982719
1,1367,18372184308
1,1368,18373385898
1,1369,18374587487
1,1370,18375789066
1,1371,18376990655
1,1372,18378192245
1,1373,18379393834
1,1374,18380595423
1,1375,18381797002
1,1376,18382998592
1,1377,18384200181
1,1378,18385401770
1,1379,18386603359
1,1380,18387804939
1,1381,18389006528
1,1382,18394234091
1,1383,18400234052
1,1384,18406359541
1,1385,18413297064
1,1386,18419087396
1,1387,18426024917
1,1388,18432962438
1,1389,18439899960
1,1390,18447984670
1,1391,18454922193
1,1392,18461859714
1,1393,18468797236
1,1394,18476881946
1,1395,18483819468
1,1396,18490756988
1,1397,18497694511
1,1398,18504632042
1,1399,18512716743
1,1400,18519654275
1,1401,18526591796
1,1402,18533529318
1,1403,18541614029
1,1404,18548551549
1,1405,18555489071
1,1406,18556690650
1,1407,18557892240
1,1408,18559093829
1,1409,18560295418
1,1410,18562232987
1,1411,18568232946
1,1412,18574418242
1,1413,18582502953
1,1414,18589440475
1,1415,18596377997
1,1416,18603315519
1,1417,18610253041
1,1418,18618337751
1,1419,18625275273
1,1420,18632212794
1,1421,18639150316
1,1422,18647235027
1,1423,18654172549
1,1424,18661110072
1,1425,18668047593
1,1426,18676132305
1,1427,18683069826
1,1428,18690007348
1,1429,18696944871
1,1430,18703882393
1,1431,18711967104
1,1432,18718904626
1,1433,18725842147
1,1434,18732779669
1,1435,18740864379
1,1436,18747801900
1,1437,18752445055
1,1438,18753646645
1,1439,18754848224
1,1440,18758344189
1,1441,18762987333
1,1442,18766483299
1,1443,18769979255
1,1444,18773475222
1,1445,18776971178
1,1446,18780467144
1,1447,18785110288
1,1448,18790849047
1,1449,18796639178
1,1450,18802429297
1,1451,18809366608
1,1452,18814231354
1,1453,18821168876
1,1454,18826959210
1,1455,18832749544
1,1456,18838539887
1,1457,18844330221
1,1458,18850231124
1,1459,18856725950
1,1460,18862516293
1,1461,18868306627
1,1462,18875244149
1,1463,18881034483
1,1464,18886824816
1,1465,18893762338
1,1466,18899552682
1,1467,18906490204
1,1468,18912280538
1,1469,18918070872
1,1470,18922230665
1,1471,18928556053
1,1472,18934346385
1,1473,18941337843
1,1474,18947182319
1,1475,18952230474
1,1476,18958230437
1,1477,18964230398
1,1478,18970230361
1,1479,18976230323
1,1480,18982230283
1,1481,18988230247
1,1482,18994230208
1,1483,19000230171
1,1484,19006230133
1,1485,19012230094
1,1486,19019292397
1,1487,19024230019
1,1488,19030229981
1,1489,19038314692
1,1490,19045252214
1,1491,19051042548
1,1492,19056832882
1,1493,19062623223
1,1494,19068413557
1,1495,19075351080
1,1496,19081141414
1,1497,19086931748
1,1498,19091574903
1,1499,19097365237
1,1500,19103155570
1,1501,19109031061
1,1502,19114229451
1,1503,19120229414
1,1504,19126229376
1,1505,19132229338
1,1506,19138229301
1,1507,19144229264
1,1508,19150229227
1,1509,19156229188
1,1510,19162229150
1,1511,19168229112
1,1512,19174229074
1,1513,19180229037
1,1514,19186229000
1,1515,19192228962
1,1516,19198228925
1,1517,19205166448
1,1518,19210956782
1,1519,19216747116
1,1520,19222537460
1,1521,19229474982
1,1522,19235265316
1,1523,19241055651
1,1524,19246845985
1,1525,19252636328
1,1526,19258426663
1,1527,19264228517
1,1528,19270228480
1,1529,19276228443
1,1530,19283280997
1,1531,19289338484
1,1532,19295280481
1,1533,19301280224
1,1534,19307279968
1,1535,19313279712
1,1536,19319279453
1,1537,19325279193
1,1538,19331278937
1,1539,19337278679
1,1540,19343278422
1,1541,19349278162
1,1542,19355277907
1,1543,19361277647
1,1544,19367277390
1,1545,19374214913
1,1546,19380005247
1,1547,19385795581
1,1548,19391585925
1,1549,19398523448
1,1550,19404313782
1,1551,19410104117
1,1552,19415894451
1,1553,19421684785
1,1554,19427475129
1,1555,19434412652
1,1556,19440202986
1,1557,19445993321
1,1558,19450961655
1,1559,19457018919
1,1560,19462960700
1,1561,19468960226
1,1562,19474959745
1,1563,19480959273
1,1564,19486958791
1,1565,19492958316
1,1566,19498957842
1,1567,19504957362
1,1568,19510956888
1,1569,19516956407
1,1570,19522955936
1,1571,19528955458
1,1572,19534954980
1,1573,19540908381
1,1574,19546698716
1,1575,19552489060
1,1576,19558279393
1,1577,19565216916
1,1578,19571007251
1,1579,19576797585
1,1580,19582587929
1,1581,19588378264
1,1582,19595315787
1,1583,19601106121
1,1584,19606896456
1,1585,19612686790
1,1586,19618636207
1,1587,19624693247
1,1588,19630634816
1,1589,19636634125
1,1590,19642633427
1,1591,19648632735
1,1592,19654632034
1,1593,19660631341
1,1594,19666630647
1,1595,19672629950
1,1596,19678629257
1,1597,19684628560
1,1598,19690627868
1,1599,19696627171
1,1600,19702626477
1,1601,19708579875
1,1602,19714533060
1,1603,19720323394
1,1604,19726225704
1,1605,19732225667
1,1606,19738225632
1,1607,19744225597
1,1608,19750225559
1,1609,19757163082
1,1610,19765247794
1,1611,19771038129
1,1612,19776828463
1,1613,19782618807
1,1614,19788409142
1,1615,19794199476
1,1616,19798302834
1,1617,19804301927
1,1618,19810301010
1,1619,19816300100
1,1620,19822299183
1,1621,19828298269
1,1622,19834297362
1,1623,19840296446
1,1624,19846295539
1,1625,19852294620
1,1626,19858293711
1,1627,19864292800
1,1628,19870291885
1,1629,19876245273
1,1630,19882224779
1,1631,19888224741
1,1632,19894224706
1,1633,19900224671
1,1634,19906224635
1,1635,19912224600
1,1636,19918224565
1,1637,19924224528
1,1638,19931162051
1,1639,19936952387
1,1640,19942742722
1,1641,19949680245
1,1642,19955470590
1,1643,19961260923
1,1644,19966224280
1,1645,19972224246
1,1646,19979327209
1,1647,19985326083
1,1648,19991324948
1,1649,19997323821
1,1650,20003322693
1,1651,20009321561
1,1652,20015320440
1,1653,20021319305
1,1654,20027318179
1,1655,20033317053
1,1656,20039315918
1,1657,20045269094
1,1658,20051248382
1,1659,20057248130
1,1660,20063247877
1,1661,20069247623
1,1662,20075247375
1,1663,20081247123
1,1664,20087246868
1,1665,20093246619
1,1666,20100184143
1,1667,20105974478
1,1668,20111764814
1,1669,20118702337
1,1670,20124559833
1,1671,20130350168
1,1672,20134680676
1,1673,20140680601
1,1674,20147016223
1,1675,20152981283
1,1676,20158979929
1,1677,20164978584
1,1678,20170977245
1,1679,20176975894
1,1680,20183008158
1,1681,20188973209
1,1682,20194971866
1,1683,20201004120
1,1684,20206969170
1,1685,20212922581
1,1686,20218901209
1,1687,20224900740
1,1688,20230933875
1,1689,20236933398
1,1690,20242899336
1,1691,20248922716
1,1692,20254898402
1,1693,20260897940
1,1694,20266851343
1,1695,20272678950
1,1696,20278678876
1,1697,20285402645
1,1698,20291327736
1,1699,20297361228
1,1700,20302678578
1,1701,20308678503
1,1702,20314678428
1,1703,20320678355
1,1704,20326678280
1,1705,20332678207
1,1706,20338678132
1,1707,20344678056
1,1708,20350677983
1,1709,20356677908
1,1710,20362677832
1,1711,20368677759
1,1712,20374677685
1,1713,20380677612
1,1714,20386677534
1,1715,20392677460
1,1716,20398677386
1,1717,20404677311
1,1718,20410677237
1,1719,20416677163
1,1720,20422677091
1,1721,20428677014
1,1722,20434676941
1,1723,20440676866
1,1724,20446676793
1,1725,20452676717
1,1726,20458676643
1,1727,20465158980
1,1728,20470949316
1,1729,20476676420
1,1730,20482676347
1,1731,20488676273
1,1732,20494676199
1,1733,20500676126
1,1734,20506676053
1,1735,20512675976
1,1736,20518675904
1,1737,20524675830
1,1738,20530675758
1,1739,20536675682
1,1740,20542675609
1,1741,20548675537
1,1742,20554675462
1,1743,20560675388
1,1744,20566675312
1,1745,20572675238
1,1746,20578675166
1,1747,20584675091
1,1748,20590675019
1,1749,20596674945
1,1750,20602674870
1,1751,20608674797
1,1752,20614674724
1,1753,20620674650
1,1754,20626674576
1,1755,20632674504
1,1756,20638674430
1,1757,20645223704
1,1758,20651311180
1,1759,20657275599
1,1760,20663273610
1,1761,20669304954
1,1762,20675269639
1,1763,20681267651
1,1764,20687299267
1,1765,20693263684
1,1766,20699261697
1,1767,20705293308
1,1768,20711257725
1,1769,20717220746
1,1770,20723220503
1,1771,20729220256
1,1772,20735220007
1,1773,20741219764
1,1774,20747219519
1,1775,20753219273
1,1776,20759219027
1,1777,20765218776
1,1778,20771218532
1,1779,20777218288
1,1780,20783218038
1,1781,20789217796
1,1782,20795217553
1,1783,20801217304
1,1784,20807217058
1,1785,20812855363
1,1786,20819792887
1,1787,20825583232
1,1788,20831373568
1,1789,20837163904
1,1790,20842954240
1,1791,20848898043
1,1792,20854929442
1,1793,20860893644
1,1794,20866891445
1,1795,20872922847
1,1796,20878887050
1,1797,20884849859
1,1798,20890849405
1,1799,20896848947
1,1800,20902848485
1,1801,20908848028
1,1802,20914847572
1,1803,20920847113
1,1804,20926846658
1,1805,20932846199
1,1806,20938845742
1,1807,20944845286
1,1808,20950844824
1,1809,20956844370
1,1810,20962843916
1,1811,20968843454
1,1812,20974842997
1,1813,20980670263
1,1814,20987315118
1,1815,20993315006
1,1816,21000252531
1,1817,21006042867
1,1818,21011833203
1,1819,21017623548
1,1820,21023413884
1,1821,21029204220
1,1822,21034994556
1,1823,21040784893
1,1824,21046669466
1,1825,21052669393
1,1826,21058669321
1,1827,21064669250
1,1828,21070669176
1,1829,21076669104
1,1830,21082669033
1,1831,21088668959
1,1832,21094668888
1,1833,21100668816
1,1834,21106668744
1,1835,21112668673
1,1836,21118668602
1,1837,21124668527
1,1838,21130668455
1,1839,21136668385
1,1840,21142668311
1,1841,21148668240
1,1842,21154668169
1,1843,21161312040
1,1844,21168249565
1,1845,21174039900
1,1846,21179830237
1,1847,21185620582
1,1848,21192558106
1,1849,21198348442
1,1850,21204138779
1,1851,21209929115
1,1852,21215812249
1,1853,21221602595
1,1854,21227392931
1,1855,21233183268
1,1856,21238973604
1,1857,21244763940
1,1858,21250667016
1,1859,21256666945
1,1860,21262666873
1,1861,21268666802
1,1862,21274666730
1,1863,21280666659
1,1864,21286666586
1,1865,21292666513
1,1866,21298216899
1,1867,21304216869
1,1868,21310666298
1,1869,21316666226
1,1870,21322666155
1,1871,21328666084
1,1872,21335308996
1,1873,21341308892
1,1874,21347308790
1,1875,21353308684
1,1876,21360246209
1,1877,21366036546
1,1878,21371826880
1,1879,21377617226
1,1880,21382665440
1,1881,21388665370
1,1882,21394665299
1,1883,21400665226
1,1884,21408301083
1,1885,21415238610
1,1886,21422219335
1,1887,21429243260
1,1888,21436664799
1,1889,21444351902
1,1890,21451289427
1,1891,21458226953
1,1892,21465164479
1,1893,21473249194
1,1894,21480186720
1,1895,21487124245
1,1896,21494061770
1,1897,21498704918
1,1898,21504495264
1,1899,21510285601
1,1900,21517223126
1,1901,21524160652
1,1902,21526760620
1,1903,21527962210
1,1904,21529163800
1,1905,21532663662
1,1906,21538663591
1,1907,21544682287
1,1908,21550663449
1,1909,21556663379
1,1910,21562663309
1,1911,21568663237
1,1912,21574663167
1,1913,21580663097
1,1914,21586663024
1,1915,21592662953
1,1916,21598662884
1,1917,21604662812
1,1918,21610662742
1,1919,21616662671
1,1920,21622662600
1,1921,21628662531
1,1922,21634662462
1,1923,21640662389
1,1924,21646662319
1,1925,21652662250
1,1926,21658662179
1,1927,21664662107
1,1928,21670662038
1,1929,21676661968
1,1930,21682661896
1,1931,21688661827
1,1932,21694661757
1,1933,21700661687
1,1934,21706661616
1,1935,21712214779
1,1936,21718214750
1,1937,21724214718
1,1938,21730214687
1,1939,21736661263
1,1940,21742661192
1,1941,21748661122
1,1942,21754661053
1,1943,21760660982
1,1944,21766660912
1,1945,21772660841
1,1946,21778660770
1,1947,21784660700
1,1948,21790660630
1,1949,21796660559
1,1950,21802660488
1,1951,21808660420
1,1952,21814660349
1,1953,21820660278
1,1954,21826660210
1,1955,21832660141
1,1956,21838660071
1,1957,21844660000
1,1958,21850659931
1,1959,21856659860
1,1960,21862659790
1,1961,21868659721
1,1962,21874659650
1,1963,21880659579
1,1964,21886659510
1,1965,21892659442
1,1966,21898659370
1,1967,21904213822
1,1968,21910213793
1,1969,21916213764
1,1970,21922213733
1,1971,21928213703
1,1972,21934494199
1,1973,21940213643
1,1974,21946658812
1,1975,21952658743
1,1976,21958658672
1,1977,21964658603
1,1978,21970658534
1,1979,21976658464
1,1980,21982658395
1,1981,21988658327
1,1982,21994658256
1,1983,22000658186
1,1984,22006658118
1,1985,22012658048
1,1986,22018657977
1,1987,22024657908
1,1988,22030657840
1,1989,22036657768
1,1990,22042657699
1,1991,22048657631
1,1992,22054657562
1,1993,22060657492
1,1994,22066657424
1,1995,22072657355
1,1996,22078657285
1,1997,22084657215
1,1998,22090657146
1,1999,22096657077
